query,item_id,item_url,title,authors,certificate_or_type,journal_name,journal_url,issue,issue_url
geoai,74069173,https://elibrary.ru/item.asp?id=74069173,GEOAI FOR SCIENCE AND THE SCIENCE OF GEOAI,"Li W., Arundel S., Gao S., Goodchild M., Hu Y., Wang Sh., Zipf A.",1 Journal of Spatial Information Science . 2024. № 29 . С. 1-17.,Journal of Spatial Information Science,https://elibrary.ru/contents.asp?id=74069172,№ 29,https://elibrary.ru/contents.asp?id=74069172&selid=74069173
geoai,82078092,https://elibrary.ru/item.asp?id=82078092,HUMAN-CENTERED GEOAI FOUNDATION MODELS: WHERE GEOAI MEETS HUMAN DYNAMICS,"Ye X., Du J., Li X., Shaw Sh.L., Fu Ya., Dong X., Zhang Zh., Wu L.",2 Urban Informatics . 2025. Т. 4. № 1 . С. 2.,Urban Informatics,https://elibrary.ru/contents.asp?id=80871801,№ 1,https://elibrary.ru/contents.asp?id=80871801&selid=82078092
geoai,87410221,https://elibrary.ru/item.asp?id=87410221,GEOAI EDITORIAL VOLUME 5: GEOAI FRONTIER FORUM,,3 Geodata and AI . 2025. Т. 5. С. 100041.,Geodata and AI,https://elibrary.ru/contents.asp?id=86646508,,
geoai,87583663,https://elibrary.ru/item.asp?id=87583663,GEOAI DATASET FOR BUILDING CHANGE DETECTION FROM CAS500-1,"Jin D., Park Ji.S., Jang Yu., Lee S., Chi Ju.",4 Geo Data . 2025. Т. 7. № 3 . С. 216-229.,Geo Data,https://elibrary.ru/contents.asp?id=86204300,№ 3,https://elibrary.ru/contents.asp?id=86204300&selid=87583663
geoai,87585936,https://elibrary.ru/item.asp?id=87585936,GEOSPATIAL ARTIFICIAL INTELLIGENCE (GEOAI) IS WIDENING THE DIGITAL DIVIDE,Huang X.,5 Annals of the American Association of Geographers . 2025. Т. 115. № 9 . С. 2017-2029.,Annals of the American Association of Geographers,https://elibrary.ru/contents.asp?id=86212269,№ 9,https://elibrary.ru/contents.asp?id=86212269&selid=87585936
geoai,87628514,https://elibrary.ru/item.asp?id=87628514,"MAPPING URBAN SEGREGATION WITH GEOAI: STREET VIEW PERCEPTIONS AND SOCIO-SPATIAL INEQUALITY IN THESSALONIKI, GREECE","Vartholomaios A., Lagarias A.",6 Land . 2025. Т. 14. № 10 . С. 2083.,Land,https://elibrary.ru/contents.asp?id=83152444,№ 10,https://elibrary.ru/contents.asp?id=83152444&selid=87628514
geoai,87646181,https://elibrary.ru/item.asp?id=87646181,GEOAI BENCHMARK PROBLEMS BM/AIRPORTSOILPROPERTIES/2/2025,"Otake Yu., Ching J., Saito T., Asano K.",7 Geodata and AI . 2025. Т. 2. С. 100012.,Geodata and AI,https://elibrary.ru/contents.asp?id=86358957,,
geoai,87653502,https://elibrary.ru/item.asp?id=87653502,UNCOVERING SPATIOTEMPORAL URBAN FLOOD DYNAMICS: AN EXPLAINABLE GEOAI APPROACH TO LAND COVER CHANGE OVER TWO DECADES,"Tella A., Zahidi I., Fai Ch.M., Pham Q.B.",8 Earth Systems and Environment . 2025.,Earth Systems and Environment,https://elibrary.ru/contents.asp?id=54871013,,
geoai,87796621,https://elibrary.ru/item.asp?id=87796621,FLOOD RISK ANALYSIS WITH EXPLAINABLE GEOSPATIAL ARTIFICIAL INTELLIGENCE (GEOAI) TECHNIQUES,"Derman M.T., Mete M.O.",9 Systems . 2025. Т. 13. № 11 . С. 1007.,Systems,https://elibrary.ru/contents.asp?id=86463731,№ 11,https://elibrary.ru/contents.asp?id=86463731&selid=87796621
geoai,87405420,https://elibrary.ru/item.asp?id=87405420,A STUDY ON GEOAI TECHNOLOGY AND POLICY ADVANCEMENT STRATEGIES FOR INTELLIGENT NATIONAL LAND MANAGEMENT,Choi K.,10 Journal of the Korean Society of Surveying Geodesy Photogrammetry and Cartography . 2025. Т. 43. № 4 . С. 421-435.,Journal of the Korean Society of Surveying Geodesy Photogrammetry and Cartography,https://elibrary.ru/contents.asp?id=86915004,№ 4,https://elibrary.ru/contents.asp?id=86915004&selid=87405420
geoai,87941138,https://elibrary.ru/item.asp?id=87941138,GEOAI-BASED 3D SPATIAL DISTRIBUTION MODELING OF PAHS IN INDUSTRIAL CONTAMINATED SOILS,"Zhang R., Hu M., Ye G., Xu Ch., Wang J.",11 Environmental Pollution . 2026. Т. 390. С. 127440.,Environmental Pollution,https://elibrary.ru/contents.asp?id=87941137,,
geoai,88129095,https://elibrary.ru/item.asp?id=88129095,RETRACTION NOTE: RESEARCH ON GEOSPATIAL TECHNOLOGY OPTIMIZATION BASED ON GEOAI MULTI-OBJECTIVE OPTIMIZATION,"Zhu Li., Li Sh., Zhou Qi., Liu Ju., Tian J.",12 Environmental Earth Sciences . 2025. Т. 84. № 23 . С. 679.,Environmental Earth Sciences,https://elibrary.ru/contents.asp?id=88097841,№ 23,https://elibrary.ru/contents.asp?id=88097841&selid=88129095
geoai,88155027,https://elibrary.ru/item.asp?id=88155027,"A HUMBLE PROPOSAL FOR GEOAI: EPISTEMOLOGY, METHODOLOGY, AND RELEVANCE IN CURB RAMP CLASSIFICATION",Deitz Sh.L.,13 The Canadian Geographer . 2025. Т. 69. № 4 . С. e70043.,The Canadian Geographer,https://elibrary.ru/contents.asp?id=85608546,№ 4,https://elibrary.ru/contents.asp?id=85608546&selid=88155027
geoai,88173242,https://elibrary.ru/item.asp?id=88173242,SPATIALIZING TRUST: A GEOAI-BASED MODEL FOR MAPPING DIGITAL TRUST ECOSYSTEMS IN MEDITERRANEAN SMART REGIONS,Epasto S.,14 ISPRS International Journal of Geo-Information . 2025. Т. 14. № 12 . С. 491.,ISPRS International Journal of Geo-Information,https://elibrary.ru/contents.asp?id=87161288,№ 12,https://elibrary.ru/contents.asp?id=87161288&selid=88173242
geoai,88059401,https://elibrary.ru/item.asp?id=88059401,"GEOAI-DRIVEN BUILDING FACADE CLASSIFICATION FOR URBAN PATTERN ANALYSIS: A CASE STUDY IN MURCIA, SPAIN","De La Cruz M., Martínez-Cuevas S., García-Aranda C., Morillo M.C.",15 Journal of Urban Management . 2025.,Journal of Urban Management,https://elibrary.ru/contents.asp?id=54870442,,
geoai,88513267,https://elibrary.ru/item.asp?id=88513267,TRENDS AND PROSPECTS OF SATELLITE REMOTE SENSING IN GEOAI,"Kobayashi Yu., Mori H., Yamanokuchi Ts.",16 Theory and Applications of GIS . 2025. Т. 33. № 3 . С. si-58-si-63.,Theory and Applications of GIS,https://elibrary.ru/contents.asp?id=88430142,№ 3,https://elibrary.ru/contents.asp?id=88430142&selid=88513267
geoai,88555440,https://elibrary.ru/item.asp?id=88555440,"3RD GEOAI FRONTIER FORUM: “APPLICATIONS OF AI IN GEOTECHNICAL ENGINEERING PRACTICE”, NOVEMBER 20, 2025","Huang J., Xie J.",17 Geodata and AI . 2025. Т. 5. С. 100048.,Geodata and AI,https://elibrary.ru/contents.asp?id=86646508,,
geoai,88592999,https://elibrary.ru/item.asp?id=88592999,INTEGRATING LANDSCAPE “SOURCE-TRANSPORT-SINK” MECHANISMS INTO GEOAI TO ENHANCE SURROGATE MODELING OF WATERSHED NUTRIENT LOADS,"Qi Z., Cai Ya., Ye Yu., Yang H., Cai Sh., Tan Q., Zhang S., Yang Zh.",18 Water Research . 2026. Т. 291. С. 125263.,Water Research,https://elibrary.ru/contents.asp?id=88197826,,
geoai,88543504,https://elibrary.ru/item.asp?id=88543504,"GEOAI: BEYOND MAPPING EARTH AND CITIES THROUGH EXPLAINABILITY, ADAPTABILITY, AND SUSTAINABILITY","Song Y., Biljecki F., Camps-Valls G., Atkinson P.M.",19 iScience . 2026. Т. 29. № 1 . С. 114407.,iScience,https://elibrary.ru/contents.asp?id=87136716,№ 1,https://elibrary.ru/contents.asp?id=87136716&selid=88543504
geoai,88637157,https://elibrary.ru/item.asp?id=88637157,"1ST GEOAI FRONTIER FORUM: “AI-DRIVEN INNOVATION FOR GEOTECHNICAL ENGINEERING”, 27 JUNE 2025",Gao L.,20 Geodata and AI . 2025. Т. 5. С. 100046.,Geodata and AI,https://elibrary.ru/contents.asp?id=86646508,,
geoai,88697696,https://elibrary.ru/item.asp?id=88697696,SPATIALLY EXPLICIT AND INTERPRETABLE GEOAI MODELS FOR UNDERSTANDING FACTORS CONTROLLING GROUNDWATER AVAILABILITY,"Razavi-Termeh S.V., Sadeghi-Niaraki A., Ali F., Pirasteh S., Shirmohammadi M., Choi S.Mi.",21 Journal of Hydrology . 2026. Т. 665. С. 134683.,Journal of Hydrology,https://elibrary.ru/contents.asp?id=88432604,,
geoai,89373253,https://elibrary.ru/item.asp?id=89373253,MODELING AND EXPLAINING PERCEIVED FEAR OF CRIME FROM STREET VIEW IMAGERY USING A GEOAI FRAMEWORK,"Kim S., Choi Ja., Kang Y.",22 ISPRS International Journal of Geo-Information . 2026. Т. 15. № 1 . С. 18.,ISPRS International Journal of Geo-Information,https://elibrary.ru/contents.asp?id=88322332,№ 1,https://elibrary.ru/contents.asp?id=88322332&selid=89373253
geoai,89433005,https://elibrary.ru/item.asp?id=89433005,GEOAI IN TEMPERATURE CORRECTION FOR RICE HEAT STRESS MONITORING WITH GEOSTATIONARY METEOROLOGICAL SATELLITES,"Luo H., Yang B., He L., Li Yu., Tang D., Wu H.",23 ISPRS International Journal of Geo-Information . 2026. Т. 15. № 1 . С. 31.,ISPRS International Journal of Geo-Information,https://elibrary.ru/contents.asp?id=88322332,№ 1,https://elibrary.ru/contents.asp?id=88322332&selid=89433005
geoai,89486049,https://elibrary.ru/item.asp?id=89486049,"LEVERAGING GEOAI FOR SPATIOTEMPORAL ANALYSIS OF LAND USE CHANGES AND MINING IMPACTS IN JHARIA COALFIELD, INDIA","Kumar A., Daimary R.",24 Discover Geoscience . 2026. Т. 4. № 1 . С. 26.,Discover Geoscience,https://elibrary.ru/contents.asp?id=89385162,№ 1,https://elibrary.ru/contents.asp?id=89385162&selid=89486049
geoai,89496305,https://elibrary.ru/item.asp?id=89496305,"SPATIOTEMPORAL ASSESSMENT OF URBAN GREEN SPACES USING VEGETATION INDICES AND GEOAI IN IBADAN, NIGERIA","Adesina A.U., Opayinka D.D.",25 Journal of Sustainable Research and Development . 2026. Т. 2. № 1 . С. 17-27.,Journal of Sustainable Research and Development,https://elibrary.ru/contents.asp?id=89402514,№ 1,https://elibrary.ru/contents.asp?id=89402514&selid=89496305
geoai,89586950,https://elibrary.ru/item.asp?id=89586950,MAPPING THE EMERGENCE: A BIBLIOMETRIC ANALYSIS OF THE CONVERGENCE GAP IN GEOAI TEACHER EDUCATION RESEARCH,"Semerikov S.O., Vakaliuk T.A., Mintii I.S., Bondarenko O.V., Kanevska O.B.",26 SN Computer Science . 2026. Т. 7. № 1 . С. 114.,SN Computer Science,https://elibrary.ru/contents.asp?id=88223085,№ 1,https://elibrary.ru/contents.asp?id=88223085&selid=89586950
geoai,89736180,https://elibrary.ru/item.asp?id=89736180,"GEOAI APPLICATIONS IN SMART CITIES: A SYSTEMATIC REVIEW ON TRANSPORTATION, BUILDING MODELS, AND NAVIGATION","Sevinç H.K., Açmalı Ş.S., Karaş İ.R., Ortakçı Ya., Demiral E., Ramaha N.","27 The International Archives of the Photogrammetry, Remote Sensing and Spatial Information Sciences . 2026. Т. XLVIII-4/W18-2025. С. 307-314.","The International Archives of the Photogrammetry, Remote Sensing and Spatial Information Sciences",https://elibrary.ru/contents.asp?id=89569271,,
geoai,90012309,https://elibrary.ru/item.asp?id=90012309,TOPLU TAŞINMAZ DEĞERLEMESINE YÖNELIK MEKÂNSAL YAPAY ZEKÂ (GEOAI) ANALIZ ARAÇ PAKETININ GELIŞTIRILMESI,"Şişman S., Demirci B., Aydınoğlu A.Ç.",28 Journal of Geodesy and Geoinformation . 2026. Т. 13. № 1 . С. 49-74.,Journal of Geodesy and Geoinformation,https://elibrary.ru/contents.asp?id=87839483,№ 1,https://elibrary.ru/contents.asp?id=87839483&selid=90012309
geoai,90016195,https://elibrary.ru/item.asp?id=90016195,FUTURE WATER STRESS IN ARID LANDSCAPES PROJECTED WITH GEOAI,"Rahman M., Hossain Md.A., Rahman M., Patwary A.I., Rahman Md.M., Benaafi M., Aljundi I.H.",29 Theoretical and Applied Climatology . 2026. Т. 157. № 2 . С. 72.,Theoretical and Applied Climatology,https://elibrary.ru/contents.asp?id=89904760,№ 2,https://elibrary.ru/contents.asp?id=89904760&selid=90016195
geoai,90027710,https://elibrary.ru/item.asp?id=90027710,HISTORICAL GEOAI: THE PROMISE OF UNLOCKING ANALOG SPATIAL DATA,Dyke K.,30 Journal of Map and Geography Libraries . 2026. Т. 22. № 1 . С. 1-22.,Journal of Map and Geography Libraries,https://elibrary.ru/contents.asp?id=90027708,№ 1,https://elibrary.ru/contents.asp?id=90027708&selid=90027710
geoai,90027915,https://elibrary.ru/item.asp?id=90027915,NAVIGATING GEOAI: FEMINIST CRITIQUES FOR INFORMATION PROFESSIONALS,Chomintra M.,31 Journal of Map and Geography Libraries . 2026. Т. 22. № 1 . С. 67-82.,Journal of Map and Geography Libraries,https://elibrary.ru/contents.asp?id=90027708,№ 1,https://elibrary.ru/contents.asp?id=90027708&selid=90027915
geoai,90070988,https://elibrary.ru/item.asp?id=90070988,ADVANCING URBAN ANALYTICS: GEOAI APPLICATIONS IN SPATIAL DECISION-MAKING AND SUSTAINABLE CITIES,Avram S.,32 Urban Science . 2026. Т. 10. № 3 . С. 148.,Urban Science,https://elibrary.ru/contents.asp?id=89864413,№ 3,https://elibrary.ru/contents.asp?id=89864413&selid=90070988
geoai,90095920,https://elibrary.ru/item.asp?id=90095920,INDIVIDUAL STREET TREE DETECTION AND VITALITY ASSESSMENT USING GEOAI AND MULTI-SOURCE IMAGERY,"Kang Ye., Kang Y.",33 Smart Cities . 2026. Т. 9. № 2 . С. 31.,Smart Cities,https://elibrary.ru/contents.asp?id=89551540,№ 2,https://elibrary.ru/contents.asp?id=89551540&selid=90095920
geoai,90122155,https://elibrary.ru/item.asp?id=90122155,TOWARDS RESPONSIBLE GEOAI FRAMEWORKS FOR ETHICAL GOVERNANCE AND GLOBAL SUSTAINABILITY,"Mohamed-Ghouse Z.S., Pirasteh S., Chauhan L., Gartner G., Shirmohammadi M., Khonsari N.","34 Earth Systems, Resources, and Sustainability . 2025. Т. 1. № 1 . С. 18-31.","Earth Systems, Resources, and Sustainability",https://elibrary.ru/contents.asp?id=89590262,№ 1,https://elibrary.ru/contents.asp?id=89590262&selid=90122155
geoai,89836077,https://elibrary.ru/item.asp?id=89836077,GEOGRAPHC ARTIFICIAL INTELLIGENCE GEOAI DAN NATURAL LANGUAGE PROCESSING DALAM ANALISIS DATA SPATIAL,"Fahrudin E., Supriyatna S., Darmawan F.",35 Faktor Exacta . 2025. Т. 18. № 2 . С. 141.,Faktor Exacta,https://elibrary.ru/contents.asp?id=89835185,№ 2,https://elibrary.ru/contents.asp?id=89835185&selid=89836077
geoai,89878099,https://elibrary.ru/item.asp?id=89878099,"URBAN EXPANSION PREDICTION IN KARBALA CITY, IRAQ, INTEGRATING GEOAI AND AN ANN–CA MODEL",Hameed A.,36 Muthanna Journal of Engineering and Technology . 2026. Т. 14. № 01 . С. 54-68.,Muthanna Journal of Engineering and Technology,https://elibrary.ru/contents.asp?id=89735991,№ 01,https://elibrary.ru/contents.asp?id=89735991&selid=89878099
geoai,89886025,https://elibrary.ru/item.asp?id=89886025,USING ADVANCED GEOAI-BASED ENSEMBLE MIXED SPATIAL PREDICTION MODEL TO ESTIMATE AMBIENT AMMONIA,"Hsu Ch.Yu., Zeng Yu.T., Hsu Ch.W., Chen Y.W., Asri A.K., Wong P.Yi., Tsai Y.I., Wu Ch.Da.",37 Aerosol and Air Quality Research . 2026. Т. 26. № 1 . С. 11.,Aerosol and Air Quality Research,https://elibrary.ru/contents.asp?id=89846365,№ 1,https://elibrary.ru/contents.asp?id=89846365&selid=89886025
geoai,90000737,https://elibrary.ru/item.asp?id=90000737,DEVELOPMENT OF THE REAL ESTATE DATA PROCESSING MODEL BASED ON MODERN GEOAI APPROACHES,"Kobzan S., Pomortseva O., Pankiv V.",38 Technology Audit and Production Reserves . 2026. Т. 1. № 4(87) . С. 63-70.,Technology Audit and Production Reserves,https://elibrary.ru/contents.asp?id=89979413,№ 4(87),https://elibrary.ru/contents.asp?id=89979413&selid=90000737
geoai,90152241,https://elibrary.ru/item.asp?id=90152241,LINKING VULNERABILITY AND RESILIENCE FOR CLIMATE CHANGE ADAPTATION: A GEOAI-INTEGRATED ASSESSMENT ACROSS EUROPE,Bovkir R.,39 Ecological Processes . 2026. Т. 15. № 1 . С. 22.,Ecological Processes,https://elibrary.ru/contents.asp?id=89409508,№ 1,https://elibrary.ru/contents.asp?id=89409508&selid=90152241
geoai,90314441,https://elibrary.ru/item.asp?id=90314441,"A GEOAI-DRIVEN MULTI-CRITERIA LAND-USE SUITABILITY MODEL OF FLOOD-PRONE LAGOS, NIGERIA","Aniramu O., Iyanda O., Egenus Ch.D., John E.G., Orimoogunje O.",40 Land Use Policy . 2026. Т. 166. С. 108025.,Land Use Policy,https://elibrary.ru/contents.asp?id=90288898,,
geoai,90524670,https://elibrary.ru/item.asp?id=90524670,GEOAI EDITORIAL VOLUME 6: FIRST ANNIVERSARY OF GEODATA AND AI,,41 Geodata and AI . 2026. Т. 6. С. 100067.,Geodata and AI,https://elibrary.ru/contents.asp?id=90106126,,
geoai,90536734,https://elibrary.ru/item.asp?id=90536734,"GEOAI AND MULTIMODAL GEOSPATIAL DATA FUSION FOR INCLUSIVE URBAN MOBILITY: METHODS, APPLICATIONS, AND FUTURE DIRECTIONS","Kiros A., Ribakov Yu., Klein I., Cohen A.",42 Urban Science . 2026. Т. 10. № 4 . С. 193.,Urban Science,https://elibrary.ru/contents.asp?id=90287523,№ 4,https://elibrary.ru/contents.asp?id=90287523&selid=90536734
geoai,90800118,https://elibrary.ru/item.asp?id=90800118,"4TH GEOAI FRONTIER FORUM: “GENERATIVE AI FOR INFRASTRUCTURE ENGINEERING SECTION”, 27 JANUARY 2026","Li L., Zhan W.",43 Geodata and AI . 2026. С. 100079.,Geodata and AI,https://elibrary.ru/contents.asp?id=74636436,,
geoai,90846352,https://elibrary.ru/item.asp?id=90846352,"A GEOAI FRAMEWORK FOR DETECTING RISK ZONES FROM ILLEGAL DUMPING SITES IN KHULNA, BANGLADESH","Das S., Morshed Md.M.",44 PLoS ONE . 2026. Т. 21. № 3 . С. e0345178.,PLoS ONE,https://elibrary.ru/contents.asp?id=89151514,№ 3,https://elibrary.ru/contents.asp?id=89151514&selid=90846352
geoai,90870740,https://elibrary.ru/item.asp?id=90870740,GEOAI-SUPPORTED EARLY WARNING SYSTEMS FOR EXTREME WEATHER EVENTS AND THEIR IMPLICATIONS IN INDIA,"Balaselvakumar S., Hemavarthinii Sb.","45 International Journal of Geography, Geology and Environment . 2026. Т. 8. № 4 . С. 16-27.","International Journal of Geography, Geology and Environment",https://elibrary.ru/contents.asp?id=90187340,№ 4,https://elibrary.ru/contents.asp?id=90187340&selid=90870740
geoai,90880526,https://elibrary.ru/item.asp?id=90880526,GEOAI: A PYTHON PACKAGE FOR INTEGRATING ARTIFICIAL INTELLIGENCE WITH GEOSPATIAL DATA ANALYSIS AND VISUALIZATION,Wu Q.,46 Journal of Open Source Software . 2026. Т. 11. № 118 . С. 9605.,Journal of Open Source Software,https://elibrary.ru/contents.asp?id=89659466,№ 118,https://elibrary.ru/contents.asp?id=89659466&selid=90880526
geoai,90886359,https://elibrary.ru/item.asp?id=90886359,A GEOAI-DRIVEN AND DECISION-ORIENTED METHODOLOGY FOR MULTI-HAZARD EARLY WARNING SYSTEM DEVELOPMENT,"Lu Q., Wen J., Yan J., Wang Ya., Chen H.",47 International Journal of Disaster Risk Science . 2026.,International Journal of Disaster Risk Science,https://elibrary.ru/contents.asp?id=54860989,,
geoai,91099588,https://elibrary.ru/item.asp?id=91099588,SPATIAL PATTERN AND DRIVING MECHANISMS OF ICH SOUNDSCAPE IN JILIN: A GEOAI FRAMEWORK FOR CULTURAL SUSTAINABILITY,"Fan Yu., Tian J., Sun D., Li Sh., Liu M., Ji Q., Yin W.",48 npj Heritage Science . 2026. Т. 14. № 1 . С. 281.,npj Heritage Science,https://elibrary.ru/contents.asp?id=89387979,№ 1,https://elibrary.ru/contents.asp?id=89387979&selid=91099588
geoai,91113989,https://elibrary.ru/item.asp?id=91113989,A FOUNDATION-MODEL GEOAI FRAMEWORK FOR CONTINUOUS HEAT AND HEALTH RISK MAPPING,Johnson D.P.,49 Frontiers in Environmental Science . 2026. Т. 14. С. 1770260.,Frontiers in Environmental Science,https://elibrary.ru/contents.asp?id=89522264,,
geoai,91325165,https://elibrary.ru/item.asp?id=91325165,CHAIN-OF-THOUGHT ICL FOR GEOAI: BREAKING THE HARDNESS BARRIER,Hawarey M.,50 AIR Journal of Mathematics and Computational Sciences . 2026. Т. 2026.,AIR Journal of Mathematics and Computational Sciences,https://elibrary.ru/contents.asp?id=90590825,,
geoai,91327592,https://elibrary.ru/item.asp?id=91327592,IDENTIFYING OPPORTUNITIES FOR INTEGRATING STEM AND GEOAI TECHNOLOGIES INTO GEOGRAPHIC EDUCATION,"Laiskhanov Sh., Seminar Ye.",51 Frontiers in Education . 2026. Т. 11.,Frontiers in Education,https://elibrary.ru/contents.asp?id=89217348,,
geoai,91350852,https://elibrary.ru/item.asp?id=91350852,GEOAI: AI-DRIVEN MODEL FOR LAND ASSESSMENT AND RISK PREDICTION,Chandrika Dr.G.N.,52 International Journal for Research in Applied Science and Engineering Technology . 2026. Т. 14. № 4 . С. 4855-4864.,International Journal for Research in Applied Science and Engineering Technology,https://elibrary.ru/contents.asp?id=90189788,№ 4,https://elibrary.ru/contents.asp?id=90189788&selid=91350852
geoai,91354039,https://elibrary.ru/item.asp?id=91354039,PENERAPAN GEOAI BERBASIS MASK R-CNN UNTUK DETEKSI KENDARAAN PADA CITRA ORTHOPHOTO KAWASAN PERKOTAAN,"Septyana D., Andresi B., Agustina N.S.",53 RUANG : JURNAL ARSITEKTUR . 2026. Т. 20. № 1 . С. 69-85.,RUANG : JURNAL ARSITEKTUR,https://elibrary.ru/contents.asp?id=91209052,№ 1,https://elibrary.ru/contents.asp?id=91209052&selid=91354039
geoai,91492771,https://elibrary.ru/item.asp?id=91492771,HIGH-RESOLUTION GEOAI FRAMEWORK FOR AUTOMATED RUTTING DEPTH PREDICTION ON LOGGING TRAILS USING TRANSRAUNET AND LIDAR,"Abdi O., Uusitalo J.",54 Computers and Electronics in Agriculture . 2026. Т. 245. С. 111547.,Computers and Electronics in Agriculture,https://elibrary.ru/contents.asp?id=90029049,,
geoai,81913443,https://elibrary.ru/item.asp?id=81913443,GEOAI DATASET FOR URBAN WATER BODY DETECTION USING TERRASAR-X SATELLITE RADAR IMAGERY,"Lee Eu.Ru., Jung Ju.H., Kim Ki.Ch., Yu S.Ja., Jung H.S.",55 Geo Data . 2024. Т. 6. № 4 . С. 435-450.,Geo Data,https://elibrary.ru/contents.asp?id=80991951,№ 4,https://elibrary.ru/contents.asp?id=80991951&selid=81913443
geoai,80222927,https://elibrary.ru/item.asp?id=80222927,ASSESSING OFFSHORE OIL SPILLS USING REMOTE SENSING AND GEOSPATIAL ARTIFICIAL INTELLIGENCE (GEOAI): A SYSTEMATIC LITERATURE REVIEW,"Alva A.I., Rodríguez C.",56 Ingenierie des Systemes d'Information . 2024. Т. 29. № 6 . С. 2105-2113.,Ingenierie des Systemes d'Information,https://elibrary.ru/contents.asp?id=80090868,№ 6,https://elibrary.ru/contents.asp?id=80090868&selid=80222927
geoai,81045545,https://elibrary.ru/item.asp?id=81045545,GEOAI DATASET FOR TRAINING A DEEP LEARNING-BASED GEMS SNOW DETECTION MODEL,"Yu J.W., Jung Ju.H., Kang K.H., Lee Y.Mi., Jung H.S.",57 Geo Data . 2024. Т. 6. № 4 . С. 552-560.,Geo Data,https://elibrary.ru/contents.asp?id=80991951,№ 4,https://elibrary.ru/contents.asp?id=80991951&selid=81045545
geoai,81056881,https://elibrary.ru/item.asp?id=81056881,GEOAI BENCHMARK EXAMPLE BM/FOOTINGDESIGN/1/2024,"Cai Y., Phoon K.K.",58 Geodata and AI . 2024. Т. 1. С. 100002.,Geodata and AI,https://elibrary.ru/contents.asp?id=74636437,,
geoai,81149133,https://elibrary.ru/item.asp?id=81149133,UNLOCKING THE POTENTIAL OF GEOAI: A PATH TO ADDRESSING GLOBAL CHALLENGES ACROSS MULTIPLE DISCIPLINES,"Borase S.J., Baviskar S.R., Nigale Ch.B., Shendge L.S.",59 ShodhKosh: Journal of Visual and Performing Arts . 2024. Т. 5. № 4 .,ShodhKosh: Journal of Visual and Performing Arts,https://elibrary.ru/contents.asp?id=73559410,№ 4,https://elibrary.ru/contents.asp?id=73559410&selid=81149133
geoai,81174023,https://elibrary.ru/item.asp?id=81174023,GEOAI DATASET FOR URBANIZED AREA SEGMENTATION FROM LANDSAT 8/9 SATELLITE IMAGERY AND GEMS,"Gong S.H., Jung H.S., Kim G.H., Han G.H., Choi Il.H., Hong J.S.",60 Geo Data . 2024. Т. 6. № 4 . С. 478-486.,Geo Data,https://elibrary.ru/contents.asp?id=80991951,№ 4,https://elibrary.ru/contents.asp?id=80991951&selid=81174023
geoai,80590989,https://elibrary.ru/item.asp?id=80590989,СОЗДАНИЕ КОМПЛЕКСНОГО ГЕОГРАФИЧЕСКОГО АТЛАСА АЛТАЙСКОГО КРАЯ С ПРИМЕНЕНИЕМ ЭЛЕМЕНТОВ ГЕОПРОСТРАНСТВЕННОГО ИСКУССТВЕННОГО ИНТЕЛЛЕКТА (GEOAI),Ротанова И.Н.,61 НИР: грант № 25-27-20054. Российский научный фонд. 2025.,,,,
geoai,80994738,https://elibrary.ru/item.asp?id=80994738,GEOAI-ENHANCED COMMUNITY DETECTION ON SPATIAL NETWORKS WITH GRAPH DEEP LEARNING,"Liang Yu., Zhu J., Ye W., Gao S.","62 Computers, Environment and Urban Systems . 2025. Т. 117. С. 102228.","Computers, Environment and Urban Systems",https://elibrary.ru/contents.asp?id=80749748,,
geoai,81299060,https://elibrary.ru/item.asp?id=81299060,THEORETICAL INSIGHTS INTO ARTIFICIAL INTELLIGENCE APPLICATIONS IN HUMAN GEOGRAPHY AND SPATIAL MANAGEMENT (GEOAI),Rudewicz Ja.,63 European Research Studies Journal . 2024. Т. XXVII. № 4 . С. 973-984.,European Research Studies Journal,https://elibrary.ru/contents.asp?id=81029106,№ 4,https://elibrary.ru/contents.asp?id=81029106&selid=81299060
geoai,74156426,https://elibrary.ru/item.asp?id=74156426,PERFORMANCE EVALUATION OF GEOAI-BASED APPROACH FOR PATH LOSS PREDICTION IN CELLULAR COMMUNICATION NETWORKS,"Perihanoglu G.M., Karaman H.",64 Wireless Personal Communications . 2024. Т. 138. № 2 . С. 1211-1246.,Wireless Personal Communications,https://elibrary.ru/contents.asp?id=73955542,№ 2,https://elibrary.ru/contents.asp?id=73955542&selid=74156426
geoai,74423754,https://elibrary.ru/item.asp?id=74423754,"COASTAL WATER QUALITY DYNAMICS OF THE RED SEA, SOUTHEAST COAST OF EGYPT USING GEOAI AND CHATGPT","Aziz M.A., El-Zeiny A., Hassan F.M., Naguib D.M.",65 Journal of African Earth Sciences . 2024. Т. 219. С. 105409.,Journal of African Earth Sciences,https://elibrary.ru/contents.asp?id=69012750,,
geoai,71993922,https://elibrary.ru/item.asp?id=71993922,GEOAI IN THE US GEOLOGICAL SURVEY FOR TOPOGRAPHIC MAPPING,"Usery E.L., Arundel S.T., Shavers E., Stanislawski L., Thiem Ph., Varanka D.",66 Transactions in GIS . 2022. Т. 26. № 1 . С. 25-40.,Transactions in GIS,https://elibrary.ru/contents.asp?id=58342145,№ 1,https://elibrary.ru/contents.asp?id=58342145&selid=71993922
geoai,72382012,https://elibrary.ru/item.asp?id=72382012,GEOAI IN TERRAIN ANALYSIS: ENABLING MULTI-SOURCE DEEP LEARNING AND DATA FUSION FOR NATURAL FEATURE DETECTION,"Wang S., Li W.","67 Computers, Environment and Urban Systems . 2021. Т. 90. С. 101715.","Computers, Environment and Urban Systems",https://elibrary.ru/contents.asp?id=46959166,,
geoai,74210045,https://elibrary.ru/item.asp?id=74210045,GEOAI FOR DETECTION OF SOLAR PHOTOVOLTAIC INSTALLATIONS IN THE NETHERLANDS,"Kausika B.B., Nijmeijer D., Reimerink I., Brouwer P., Liem V.",68 Energy and AI . 2021. Т. 6. С. 100111.,Energy and AI,https://elibrary.ru/contents.asp?id=46946229,,
geoai,74224888,https://elibrary.ru/item.asp?id=74224888,KNOWLEDGE-DRIVEN GEOAI: INTEGRATING SPATIAL KNOWLEDGE INTO MULTI-SCALE DEEP LEARNING FOR MARS CRATER DETECTION,"Hsu Ch.Yu., Li W., Wang S.",69 Remote Sensing . 2021. Т. 13. № 11 . С. 2116.,Remote Sensing,https://elibrary.ru/contents.asp?id=46779053,№ 11,https://elibrary.ru/contents.asp?id=46779053&selid=74224888
geoai,74274908,https://elibrary.ru/item.asp?id=74274908,GEOAI AT ACM SIGSPATIAL,"Lunga D., Hu Y., Newsam Sh., Gao S., Martins B., Yang L., Deng X.",70 SIGSPATIAL Special . 2021. Т. 13. № 3 . С. 21-32.,SIGSPATIAL Special,https://elibrary.ru/contents.asp?id=73112817,№ 3,https://elibrary.ru/contents.asp?id=73112817&selid=74274908
geoai,74373627,https://elibrary.ru/item.asp?id=74373627,VISUALIZATION OF EXPLAINABLE ARTIFICIAL INTELLIGENCE FOR GEOAI,Roussel C.,71 Frontiers in Computer Science . 2024. Т. 6.,Frontiers in Computer Science,https://elibrary.ru/contents.asp?id=65781769,,
geoai,78274651,https://elibrary.ru/item.asp?id=78274651,GEOAI: WHERE MACHINE LEARNING AND BIG DATA CONVERGE IN GISCIENCE,Li W.,72 Journal of Spatial Information Science . 2020. № 20 .,Journal of Spatial Information Science,https://elibrary.ru/contents.asp?id=76114303,№ 20,https://elibrary.ru/contents.asp?id=76114303&selid=78274651
geoai,78692352,https://elibrary.ru/item.asp?id=78692352,GEOAI 2019 WORKSHOP REPORT: THE 3ND ACM SIGSPATIAL INTERNATIONAL WORKSHOP ON GEOAI: AI FOR GEOGRAPHIC KNOWLEDGE DISCOVERY,"Gao S., Newsam Sh., Zhao L., Lunga D., Hu Y., Martins B., Zhou X., Chen F.",73 SIGSPATIAL Special . 2020. Т. 11. № 3 . С. 23-24.,SIGSPATIAL Special,https://elibrary.ru/contents.asp?id=76283307,№ 3,https://elibrary.ru/contents.asp?id=76283307&selid=78692352
geoai,78738485,https://elibrary.ru/item.asp?id=78738485,GEOAI: A MODEL-AGNOSTIC META-ENSEMBLE ZERO-SHOT LEARNING METHOD FOR HYPERSPECTRAL IMAGE ANALYSIS AND CLASSIFICATION,"Demertzis K., Iliadis L.",74 Algorithms . 2020. Т. 13. № 3 . С. 61.,Algorithms,https://elibrary.ru/contents.asp?id=43534327,№ 3,https://elibrary.ru/contents.asp?id=43534327&selid=78738485
geoai,74010147,https://elibrary.ru/item.asp?id=74010147,MAPPING TOMORROW’S CITIES: GEOAI STRATEGIES FOR SUSTAINABLE URBAN PLANNING AND LAND USE OPTIMIZATION,"Aidaoui A., Dechaicha A., Alkama D., Menai I., Salah Salah H.",75 Journal of Contemporary Urban Affairs . 2024. Т. 8. № 1 . С. 158-176.,Journal of Contemporary Urban Affairs,https://elibrary.ru/contents.asp?id=65793525,№ 1,https://elibrary.ru/contents.asp?id=65793525&selid=74010147
geoai,79286135,https://elibrary.ru/item.asp?id=79286135,A CASE STUDY: MAKING DECISIONS FOR SUSTAINABLE UNIVERSITY CAMPUS PLANNING USING GEOAI,"Kumaş E., Aslan D.",76 International Journal of Engineering and Geoscience . 2024.,International Journal of Engineering and Geoscience,https://elibrary.ru/contents.asp?id=54870239,,
geoai,79380246,https://elibrary.ru/item.asp?id=79380246,RESEARCH ON THE USE OF ARTIFICIAL INTELLIGENCE (GEOAI) FOR TASKS OF TOPOGRAPHIC MAPPING,Lazorenko N.,77 Spatial development . 2024. № 8 . С. 430-443.,Spatial development,https://elibrary.ru/contents.asp?id=78987505,№ 8,https://elibrary.ru/contents.asp?id=78987505&selid=79380246
geoai,79670559,https://elibrary.ru/item.asp?id=79670559,RESEARCH ON GEOSPATIAL TECHNOLOGY OPTIMIZATION BASED ON GEOAI MULTI-OBJECTIVE OPTIMIZATION,"Zhu Li., Li Sh., Zhou Qi., Liu Ju., Tian J.",78 Environmental Earth Sciences . 2024. Т. 83. № 24 . С. 675.,Environmental Earth Sciences,https://elibrary.ru/contents.asp?id=79313792,№ 24,https://elibrary.ru/contents.asp?id=79313792&selid=79670559
geoai,80077402,https://elibrary.ru/item.asp?id=80077402,.EXPLORING ROLE OF GEOAI IN URBAN GOVERNANCE TOWARDS SUPPORTING SUSTAINABLE DEVELOPMENT,"Nassar E., G. Elgazouly H., M. Elnaggar A., M. Ayyad S.",79 المجلة المصرية للتنمية والتخطيط . 2024. Т. 32. № 4 . С. 101-118.,المجلة المصرية للتنمية والتخطيط,https://elibrary.ru/contents.asp?id=80075928,№ 4,https://elibrary.ru/contents.asp?id=80075928&selid=80077402
geoai,83286732,https://elibrary.ru/item.asp?id=83286732,AUTOMATIC IDENTIFICATION OF POTENTIAL RENEWAL AREAS IN URBAN RESIDENTIAL DISTRICTS USING REMOTE SENSING DATA AND GEOAI,"Li W., Wang H., Wang X., Tu T.",80 IEEE Journal of Selected Topics in Applied Earth Observations and Remote Sensing . 2025. Т. 18. С. 8523-8535.,IEEE Journal of Selected Topics in Applied Earth Observations and Remote Sensing,https://elibrary.ru/contents.asp?id=78941434,,
geoai,83328467,https://elibrary.ru/item.asp?id=83328467,CORRECTION: RESEARCH ON GEOSPATIAL TECHNOLOGY OPTIMIZATION BASED ON GEOAI MULTI-OBJECTIVE OPTIMIZATION,"Zhu Li., Li Sh., Zhou Qi., Liu Ju., Tian J.",81 Environmental Earth Sciences . 2025. Т. 84. № 7 . С. 177.,Environmental Earth Sciences,https://elibrary.ru/contents.asp?id=83308005,№ 7,https://elibrary.ru/contents.asp?id=83308005&selid=83328467
geoai,83332564,https://elibrary.ru/item.asp?id=83332564,GEOAI DATASET FOR INDUSTRIAL PARK SEGMENTATION FROM SENTINEL-2 SATELLITE IMAGERY AND GEMS,"Gong S.H., Jung H.S., Kim G.H., Han G.H., Choi Il.H., Hong J.S.",82 Geo Data . 2025. Т. 7. № 1 . С. 36-44.,Geo Data,https://elibrary.ru/contents.asp?id=83277293,№ 1,https://elibrary.ru/contents.asp?id=83277293&selid=83332564
geoai,83880364,https://elibrary.ru/item.asp?id=83880364,GEOGRAPHY FOR AI SUSTAINABILITY AND SUSTAINABILITY FOR GEOAI,"Shi M., Janowicz K., Verstegen Ju., Currier K., Wiedemann N., Mai G., Majic I., Liu Z., Zhu R.",83 Cartography and Geographic Information Science . 2025. Т. 52. № 4 . С. 331-349.,Cartography and Geographic Information Science,https://elibrary.ru/contents.asp?id=83880363,№ 4,https://elibrary.ru/contents.asp?id=83880363&selid=83880364
geoai,83925705,https://elibrary.ru/item.asp?id=83925705,GUARD: GEOAI-BASED URBAN ANALYTICS FOR RISK DETECTION,"Choi H., Son Ja.S., Chang Y.",84 Journal of the Korean Urban Geographical Society . 2025. Т. 28. № 1 . С. 35-44.,Journal of the Korean Urban Geographical Society,https://elibrary.ru/contents.asp?id=83900696,№ 1,https://elibrary.ru/contents.asp?id=83900696&selid=83925705
geoai,84435682,https://elibrary.ru/item.asp?id=84435682,ERRATUM TO: GEOAI DATASET FOR INDUSTRIAL PARK SEGMENTATION FROM SENTINEL-2 SATELLITE IMAGERY AND GEMS,"Gong S.H., Jung H.S., Kim G.H., Han G.H., Choi Il.H., Hong J.S.",85 Geo Data . 2025. Т. 7. № 2 . С. 120-121.,Geo Data,https://elibrary.ru/contents.asp?id=84435681,№ 2,https://elibrary.ru/contents.asp?id=84435681&selid=84435682
geoai,84435723,https://elibrary.ru/item.asp?id=84435723,ERRATUM TO: GEOAI DATASET FOR URBANIZED AREA SEGMENTATION FROM LANDSAT 8/9 SATELLITE IMAGERY AND GEMS,"Gong S.H., Jung H.S., Kim G.H., Han G.H., Choi Il.H., Hong J.S.",86 Geo Data . 2025. Т. 7. № 2 . С. 118-119.,Geo Data,https://elibrary.ru/contents.asp?id=84435681,№ 2,https://elibrary.ru/contents.asp?id=84435681&selid=84435723
geoai,84519961,https://elibrary.ru/item.asp?id=84519961,GEOAI-BASED DRAINAGE CROSSING DETECTION FOR ELEVATION-DERIVED HYDROGRAPHIC MAPPING,"Edidem M., Li R., Wu Di., Rekabdar B., Wang G.",87 Environmental Modelling & Software . 2025. Т. 186. С. 106338.,Environmental Modelling & Software,https://elibrary.ru/contents.asp?id=84103544,,
geoai,84576997,https://elibrary.ru/item.asp?id=84576997,DEEPMAPPER: A GEOAI APPROACH TO AUTOMATE THE VGI MAPPING WORKFLOW,DEEPMAPPER:,88 IEEE Journal of Selected Topics in Applied Earth Observations and Remote Sensing . 2025. Т. 18. С. 16162-16175.,IEEE Journal of Selected Topics in Applied Earth Observations and Remote Sensing,https://elibrary.ru/contents.asp?id=78941434,,
geoai,84661427,https://elibrary.ru/item.asp?id=84661427,A MULTISCALE VISION TRANSFORMER-BASED MULTIMODAL GEOAI MODEL FOR MAPPING ARCTIC PERMAFROST THAW,"Li W., Hsu Ch.Yu., Wang S., Gu Zh., Yang Y., Rogers B.M., Liljedahl A.",89 IEEE Journal of Selected Topics in Applied Earth Observations and Remote Sensing . 2025. Т. 18. С. 12209-12223.,IEEE Journal of Selected Topics in Applied Earth Observations and Remote Sensing,https://elibrary.ru/contents.asp?id=78941434,,
geoai,84837364,https://elibrary.ru/item.asp?id=84837364,BREATHE: A GEOAI-POWERED AIR QUALITY MONITORING AND FORECASTING SYSTEM FOR URBAN SUSTAINABILITY,"Adduri S.D., Ali T.","90 The International Archives of the Photogrammetry, Remote Sensing and Spatial Information Sciences . 2025. Т. XLVIII-G-2025. С. 39-46.","The International Archives of the Photogrammetry, Remote Sensing and Spatial Information Sciences",https://elibrary.ru/contents.asp?id=84783273,,
geoai,84985561,https://elibrary.ru/item.asp?id=84985561,ENGAGING STUDENTS IN LEARNING GEOGRAPHY AS A MULTIDISCIPLINARY SUBJECT THROUGH GEOAI,"Baviskar S., Borase S.",91 International Journal on Science and Technology . 2025. Т. 16. № 3 . С. 7422.,International Journal on Science and Technology,https://elibrary.ru/contents.asp?id=84568932,№ 3,https://elibrary.ru/contents.asp?id=84568932&selid=84985561
geoai,85115337,https://elibrary.ru/item.asp?id=85115337,GEOFM: HOW WILL GEO-FOUNDATION MODELS RESHAPE SPATIAL DATA SCIENCE AND GEOAI?,"Janowicz K., Mai G., Huang W., Zhu R., Lao Ni., Cai L.",92 International Journal of Geographical Information Science . 2025. Т. 39. № 9 . С. 1849-1865.,International Journal of Geographical Information Science,https://elibrary.ru/contents.asp?id=85115336,№ 9,https://elibrary.ru/contents.asp?id=85115336&selid=85115337
geoai,85322182,https://elibrary.ru/item.asp?id=85322182,GEOAI AT THE FOREFRONT OF CLIMATE ACTION: MAPPING MITIGATION AND ADAPTATION WITH ARTIFICIAL INTELLIGENCE,"Ohaka amarachi mavisclara, Jeffery Omozokpia Esekie, Temitope Olufunmi Atoyebi, Prayer Erumusele ATUMAH, Oluwatoyin Olawale Akadiri, Rildwan Adekunle JIMOH, Isiaka oshobugie ibrahim",93 Global Journal of Engineering and Technology Advances . 2025. Т. 24. № 2 . С. 217-234.,Global Journal of Engineering and Technology Advances,https://elibrary.ru/contents.asp?id=84910470,№ 2,https://elibrary.ru/contents.asp?id=84910470&selid=85322182
geoai,85341833,https://elibrary.ru/item.asp?id=85341833,"A NOVEL FRAMEWORK INTEGRATING GEOAI AND HUMAN PERCEPTIONS TO ESTIMATE WALKABILITY IN WUHAN, CHINA","Yang X., Li T., Cao Ya., Zheng X., Tang L.",94 Scientific Reports . 2025. Т. 15. № 1 . С. 25377.,Scientific Reports,https://elibrary.ru/contents.asp?id=80240857,№ 1,https://elibrary.ru/contents.asp?id=80240857&selid=85341833
geoai,85402648,https://elibrary.ru/item.asp?id=85402648,GEOAI ENABLED URBAN COMPUTING: STATUS AND CHALLENGES,"Lu F., Cheng Sh., Wang P.",95 Annals of GIS . 2025. Т. 31. № 4 . С. 537-555.,Annals of GIS,https://elibrary.ru/contents.asp?id=84367649,№ 4,https://elibrary.ru/contents.asp?id=84367649&selid=85402648
geoai,84761019,https://elibrary.ru/item.asp?id=84761019,WHEN MACHINE LEARNING MEETS GEOSPATIAL DATA: A COMPREHENSIVE GEOAI REVIEW,"Boutayeb A., Lahsen-Cherif I., Khadimi A.El.",96 IEEE Journal of Selected Topics in Applied Earth Observations and Remote Sensing . 2025. Т. 18. С. 13135-13191.,IEEE Journal of Selected Topics in Applied Earth Observations and Remote Sensing,https://elibrary.ru/contents.asp?id=78941434,,
geoai,85688680,https://elibrary.ru/item.asp?id=85688680,THE EFFECTIVENESS OF PJBL-STEAM USING GEOAI MEDIA: JUNIOR HIGH SCHOOL STUDENTS' CREATIVE THINKING SKILLS,"Ajeng A., Rinto R., Fatnah N.",97 Indonesian Journal of Research and Educational Review . 2025. Т. 4. № 4 . С. 1308-1322.,Indonesian Journal of Research and Educational Review,https://elibrary.ru/contents.asp?id=85283790,№ 4,https://elibrary.ru/contents.asp?id=85283790&selid=85688680
geoai,85760325,https://elibrary.ru/item.asp?id=85760325,HARNESSING GEOSPATIAL ARTIFICIAL INTELLIGENCE (GEOAI) FOR ENVIRONMENTAL EPIDEMIOLOGY: A NARRATIVE REVIEW,"Iyer H.S., Karasaki S., Yi Li., Hswen Yu., James P., VoPham T.",98 Current Environmental Health Reports . 2025. Т. 12. № 1 . С. 34.,Current Environmental Health Reports,https://elibrary.ru/contents.asp?id=79719144,№ 1,https://elibrary.ru/contents.asp?id=79719144&selid=85760325
geoai,86153180,https://elibrary.ru/item.asp?id=86153180,REPORT OF THE 7TH ACM SIGSPATIAL INTERNATIONAL WORKSHOP ON AI FOR GEOGRAPHIC KNOWLEDGE DISCOVERY (GEOAI 2024),"Gao S., Mai G., Newsam Sh., Yang L., Lunga D., Zhu Di., Martins B., Arundel S.",99 SIGSPATIAL Special . 2025. Т. 15. № 1 . С. 3-4.,SIGSPATIAL Special,https://elibrary.ru/contents.asp?id=84996491,№ 1,https://elibrary.ru/contents.asp?id=84996491&selid=86153180
geoai,86383430,https://elibrary.ru/item.asp?id=86383430,"GEOAI FOR LAND USE OBSERVATIONS, ANALYSIS, AND FORECASTING","Zheng W., Li K., Liu X.",100 Land . 2025. Т. 14. № 10 . С. 2058.,Land,https://elibrary.ru/contents.asp?id=83152444,№ 10,https://elibrary.ru/contents.asp?id=83152444&selid=86383430
geoai,86423979,https://elibrary.ru/item.asp?id=86423979,"MONITORING URBAN VEGETATION BY GEOAI DRIVEN MULTI-SCALE INDICES: A CASE STUDY OF RABAT, MOROCCO","Chahbi M., El Ganadi Y., Idrissi Gartoumi Kh.",101 Journal of Umm Al-Qura University for Engineering and Architecture . 2025. Т. 16. № 3 . С. 649-663.,Journal of Umm Al-Qura University for Engineering and Architecture,https://elibrary.ru/contents.asp?id=85150553,№ 3,https://elibrary.ru/contents.asp?id=85150553&selid=86423979
geoai,86456879,https://elibrary.ru/item.asp?id=86456879,ARTIFICIAL INTELLIGENCE IN EARTH SCIENCE: A GEOAI PERSPECTIVE,Li W.,102 Journal of Geophysical Research: Machine Learning and Computation . 2025. Т. 2. № 3 . С. e2025JH000691.,Journal of Geophysical Research: Machine Learning and Computation,https://elibrary.ru/contents.asp?id=86197134,№ 3,https://elibrary.ru/contents.asp?id=86197134&selid=86456879
geoai,86182764,https://elibrary.ru/item.asp?id=86182764,GEOAI IN TOPOGRAPHIC MAPPING: NAVIGATING THE FUTURE OF OPPORTUNITIES AND RISKS,"Kausika B.B., van Altena V.",103 ISPRS International Journal of Geo-Information . 2025. Т. 14. № 8 . С. 313.,ISPRS International Journal of Geo-Information,https://elibrary.ru/contents.asp?id=86077136,№ 8,https://elibrary.ru/contents.asp?id=86077136&selid=86182764
geoai,86198743,https://elibrary.ru/item.asp?id=86198743,EVALUATING GEOAI-GENERATED DATA FOR MAINTAINING VGI MAPS,"Niroshan L., Carswell Ja.D.",104 Land . 2025. Т. 14. № 10 . С. 1978.,Land,https://elibrary.ru/contents.asp?id=83152444,№ 10,https://elibrary.ru/contents.asp?id=83152444&selid=86198743
geoai,86643919,https://elibrary.ru/item.asp?id=86643919,A NEURO-SYMBOLIC GEOAI FRAMEWORK FOR EXTRACTION OF TRAVEL ROUTES FROM UNSTRUCTURED TEXTS,"Karabatis S., Janeja V.P., Chen Zh.",105 Transactions in GIS . 2025. Т. 29. № 7 . С. e70130.,Transactions in GIS,https://elibrary.ru/contents.asp?id=85761248,№ 7,https://elibrary.ru/contents.asp?id=85761248&selid=86643919
geoai,86682873,https://elibrary.ru/item.asp?id=86682873,HOW GEOAI IMPROVES TOURIST BEACH ENVIRONMENTS: MICRO-SCALE UAV DETECTION AND SPATIAL ANALYSIS OF MARINE DEBRIS,"Ser Ju., Yang B.",106 Land . 2025. Т. 14. № 7 . С. 1349.,Land,https://elibrary.ru/contents.asp?id=84679503,№ 7,https://elibrary.ru/contents.asp?id=84679503&selid=86682873
geoai,86706866,https://elibrary.ru/item.asp?id=86706866,SLOW BIG DATA: EXPLORING THE NEXUS BETWEEN URBAN MOBILITY AND HERITAGE THROUGH GEOAI,"Romano A., Lazzeroni M., Zamperlin P.",107 Bollettino della Società Geografica Italiana . 2025.,Bollettino della Società Geografica Italiana,https://elibrary.ru/contents.asp?id=57062723,,
geoai,86709549,https://elibrary.ru/item.asp?id=86709549,"GEOAI EDITORIAL VOLUME 4: REVOLUTIONIZING GEOTECHNICAL SOLUTIONS THROUGH AUTONOMOUS, AGENT-DRIVEN AI",Wu S.,108 Geodata and AI . 2025. Т. 4. С. 100023.,Geodata and AI,https://elibrary.ru/contents.asp?id=86429942,,
geoai,86829875,https://elibrary.ru/item.asp?id=86829875,A TEMPORAL FUSION TRANSFORMER AUGMENTED GEOAI FRAMEWORK FOR ESTIMATING HOURLY LAND SURFACE SOLAR IRRADIATION,"Liao X., Wong M.S., Zhu R., Wang Zh.",109 Energy and AI . 2025. Т. 21. С. 100529.,Energy and AI,https://elibrary.ru/contents.asp?id=85161357,,
geoai,86934061,https://elibrary.ru/item.asp?id=86934061,GEOAI EDITORIAL VOLUME 3: WHERE ARE THE BENCHMARKING TESTS IN GEO-DISCIPLINES?,Phoon K.K.,110 Geodata and AI . 2025. Т. 3. С. 100017.,Geodata and AI,https://elibrary.ru/contents.asp?id=86378990,,
geoai,87045656,https://elibrary.ru/item.asp?id=87045656,SPOK: TOKENIZING GEOGRAPHIC SPACE FOR ENHANCED SPATIAL REASONING IN GEOAI,"Huang F., Lv J.R., Li G.L., Yue Ya.",111 International Journal of Geographical Information Science . 2025. Т. 39. № 12 . С. 2768-2808.,International Journal of Geographical Information Science,https://elibrary.ru/contents.asp?id=86881321,№ 12,https://elibrary.ru/contents.asp?id=86881321&selid=87045656
geoai,87156022,https://elibrary.ru/item.asp?id=87156022,"GEOAI-DRIVEN MAPPING OF URBAN ROOFTOP PHOTOVOLTAICS: A SUSTAINABLE ENERGY FRAMEWORK FOR KARACHI, PAKISTAN","Lodhi M.K., Tan Yu., Suprijanto A., Naeem Sh., Li Ya.",112 International Journal of Applied Earth Observation and Geoinformation . 2025. Т. 143. С. 104786.,International Journal of Applied Earth Observation and Geoinformation,https://elibrary.ru/contents.asp?id=85688835,,
geoai,87140729,https://elibrary.ru/item.asp?id=87140729,"GEOSHAPLEY-BASED EXPLAINABLE GEOAI FOR SUSTAINABLE COMMUNITY SATISFACTION ASSESSMENT: EVIDENCE FROM CHENGDU, CHINA","Zhang W., Zhang Li., Li J., Guo S., Hu Q., Zhou R.",113 Sustainability . 2025. Т. 17. № 22 . С. 10261.,Sustainability,https://elibrary.ru/contents.asp?id=84107471,№ 22,https://elibrary.ru/contents.asp?id=84107471&selid=87140729
geoai,87309097,https://elibrary.ru/item.asp?id=87309097,"2ND GEOAI FRONTIER FORUM: “GEODATA AND AI FOR GEOTECHNICAL ENGINEERING”, 29 AUGUST 2025",De Hollanda Cavalcanti Tsuha C.,114 Geodata and AI . 2025. Т. 5. С. 100045.,Geodata and AI,https://elibrary.ru/contents.asp?id=86646508,,
geoai,47747001,https://elibrary.ru/item.asp?id=47747001,OPERATIONAL-SCALE GEOAI FOR PAN-ARCTIC PERMAFROST FEATURE DETECTION FROM HIGH-RESOLUTION SATELLITE IMAGERY,"Udawalpola M., Hasan A., Witharana C., Liljedahl A.K., Soliman A.","115 В сборнике: International Archives of the Photogrammetry, Remote Sensing and Spatial Information Sciences - ISPRS Archives. 2021. С. 175-180.",,,,
geoai,50204921,https://elibrary.ru/item.asp?id=50204921,GEOAI ТЕХНОЛОГИИ ДЛЯ BI АНАЛИЗА И PROJECT МЕНЕДЖМЕНТА,Дернова О.А.,"116 В сборнике: ПРИМЕНЕНИЕ ГЕОИНФОРМАЦИОННЫХ СИСТЕМ И ИСКУССТВЕННОГО ИНТЕЛЛЕКТА В УПРАВЛЕНИИ: ЭКОЛОГИЯ, ПРИРОДНЫЕ РЕСУРСЫ. Юбилейный сборник трудов научно-практического семинара. Министерство науки и высшего образования Российской Федерации Южно-Уральский государственный университет Научно-образовательный центр «Геоинформационные системы» Кафедра «Международные отношения, политология и регионоведение». 2022. С. 79-88.",,,,
geoai,51678041,https://elibrary.ru/item.asp?id=51678041,EMERGING TRENDS IN GEOSPATIAL ARTIFICIAL INTELLIGENCE (GEOAI): POTENTIAL APPLICATIONS FOR ENVIRONMENTAL EPIDEMIOLOGY,"Vopham T., Hart Ja.E., Laden F., Chiang Ya.",117 Environmental Health . 2018. Т. 17. № 1 . С. 1-6.,Environmental Health,https://elibrary.ru/contents.asp?id=35777269,№ 1,https://elibrary.ru/contents.asp?id=35777269&selid=51678041
geoai,52056345,https://elibrary.ru/item.asp?id=52056345,AN OVERVIEW OF GEOAI APPLICATIONS IN HEALTH AND HEALTHCARE,"Kamel boulos M.N., Peng G., Vopham T.",118 International Journal of Health Geographics . 2019. Т. 18. № 1 . С. 1-9.,International Journal of Health Geographics,https://elibrary.ru/contents.asp?id=42054693,№ 1,https://elibrary.ru/contents.asp?id=42054693&selid=52056345
geoai,55269855,https://elibrary.ru/item.asp?id=55269855,GEOAI: A REVIEW OF ARTIFICIAL INTELLIGENCE APPROACHES FOR THE INTERPRETATION OF COMPLEX GEOMATICS DATA,"Pierdicca R., Paolanti M.","119 Geoscientific Instrumentation, Methods and Data Systems . 2022. Т. 11. № 1 . С. 195-218.","Geoscientific Instrumentation, Methods and Data Systems",https://elibrary.ru/contents.asp?id=48303302,№ 1,https://elibrary.ru/contents.asp?id=48303302&selid=55269855
geoai,56166083,https://elibrary.ru/item.asp?id=56166083,GEOAI TO IMPLEMENT AN INDIVIDUAL TREE INVENTORY: FRAMEWORK AND APPLICATION OF HEAT MITIGATION,"Das Sh., Sun Q.Ch., Zhou H.",120 Urban Forestry & Urban Greening . 2022. Т. 74. С. 127634.,Urban Forestry & Urban Greening,https://elibrary.ru/contents.asp?id=49123122,,
geoai,56669592,https://elibrary.ru/item.asp?id=56669592,EXPLAINABLE ARTIFICIAL INTELLIGENCE IN THE SPATIAL DOMAIN ( X-GEOAI ),"Papadakis E., Adams B., Gao S., Martins B., Baryannis G., Ristea A.",121 Transactions in GIS . 2022. Т. 26. № 6 . С. 2413-2414.,Transactions in GIS,https://elibrary.ru/contents.asp?id=56435696,№ 6,https://elibrary.ru/contents.asp?id=56435696&selid=56669592
geoai,56925365,https://elibrary.ru/item.asp?id=56925365,A GIS PIPELINE TO PRODUCE GEOAI DATASETS FROM DRONE OVERHEAD IMAGERY,"Ballesteros J.R., Sanchez-Torres G., Branch-Bedoya J.W.",122 ISPRS International Journal of Geo-Information . 2022. Т. 11. № 10 . С. 508.,ISPRS International Journal of Geo-Information,https://elibrary.ru/contents.asp?id=56481693,№ 10,https://elibrary.ru/contents.asp?id=56481693&selid=56925365
geoai,57403874,https://elibrary.ru/item.asp?id=57403874,"GEOAI, COUNTER-AI, AND HUMAN GEOGRAPHY: A CONVERSATION","Janowicz K., Sieber R., Crampton J.",123 Dialogues in Human Geography . 2022. Т. 12. № 3 . С. 446-458.,Dialogues in Human Geography,https://elibrary.ru/contents.asp?id=54963694,№ 3,https://elibrary.ru/contents.asp?id=54963694&selid=57403874
geoai,57651645,https://elibrary.ru/item.asp?id=57651645,GEOAI FOR LARGE-SCALE IMAGE ANALYSIS AND MACHINE VISION: RECENT PROGRESS OF ARTIFICIAL INTELLIGENCE IN GEOGRAPHY,"Li W., Hsu Ch.Yu.",124 ISPRS International Journal of Geo-Information . 2022. Т. 11. № 7 . С. 385.,ISPRS International Journal of Geo-Information,https://elibrary.ru/contents.asp?id=55487429,№ 7,https://elibrary.ru/contents.asp?id=55487429&selid=57651645
geoai,57651913,https://elibrary.ru/item.asp?id=57651913,AN OPTIMAL GEOAI WORKFLOW FOR PAN-ARCTIC PERMAFROST FEATURE DETECTION FROM HIGH-RESOLUTION SATELLITE IMAGERY,"Udawalpola M.R., Hasan A., Liljedahl A., Soliman A., Terstriep J., Witharana Ch.",125 Photogrammetric Engineering and Remote Sensing . 2022. Т. 88. № 3 . С. 181-188.,Photogrammetric Engineering and Remote Sensing,https://elibrary.ru/contents.asp?id=55552027,№ 3,https://elibrary.ru/contents.asp?id=55552027&selid=57651913
geoai,58337954,https://elibrary.ru/item.asp?id=58337954,GEOAI TO IMPLEMENT INDIVIDUAL TREE INVENTORY: FRAMEWORK AND APPLICATION OF HEAT MITIGATION,"Das Sh., Sun Q.Ch., Zhou H.",126 Статья в открытом архиве № 4030575,,,,
geoai,58964454,https://elibrary.ru/item.asp?id=58964454,A REVIEW OF LOCATION ENCODING FOR GEOAI: METHODS AND APPLICATIONS,"Mai G., Janowicz K., Hu Y., Gao S., Yan Bo., Zhu R., Cai L., Lao Ni.",127 International Journal of Geographical Information Science . 2022. Т. 36. № 4 . С. 639-673.,International Journal of Geographical Information Science,https://elibrary.ru/contents.asp?id=58964452,№ 4,https://elibrary.ru/contents.asp?id=58964452&selid=58964454
geoai,59133826,https://elibrary.ru/item.asp?id=59133826,SYMBOLIC AND SUBSYMBOLIC GEOAI : GEOSPATIAL KNOWLEDGE GRAPHS AND SPATIALLY EXPLICIT MACHINE LEARNING,"Mai G., Hu Y., Gao S., Cai L., Martins B., Scholz J., Gao J., Janowicz K.",128 Transactions in GIS . 2022. Т. 26. № 8 . С. 3118-3124.,Transactions in GIS,https://elibrary.ru/contents.asp?id=55625231,№ 8,https://elibrary.ru/contents.asp?id=55625231&selid=59133826
geoai,59454515,https://elibrary.ru/item.asp?id=59454515,A REVIEW OF SPATIALLY-EXPLICIT GEOAI APPLICATIONS IN URBAN GEOGRAPHY,"Liu P., Biljecki F.",129 International Journal of Applied Earth Observation and Geoinformation . 2022. Т. 112. С. 102936.,International Journal of Applied Earth Observation and Geoinformation,https://elibrary.ru/contents.asp?id=56288450,,
geoai,59735282,https://elibrary.ru/item.asp?id=59735282,GEOIMAGENET: A MULTI-SOURCE NATURAL FEATURE BENCHMARK DATASET FOR GEOAI AND SUPERVISED MACHINE LEARNING,"Li W., Wang S., Arundel S.T., Hsu Ch.Yu.",130 GeoInformatica . 2023. Т. 27. № 3 . С. 619-640.,GeoInformatica,https://elibrary.ru/contents.asp?id=59713119,№ 3,https://elibrary.ru/contents.asp?id=59713119&selid=59735282
geoai,60086827,https://elibrary.ru/item.asp?id=60086827,SMART CITY RE-IMAGINED: CITY PLANNING AND GEOAI IN THE AGE OF BIG DATA,"Mortaheb R., Jankowski P.",131 Journal of Urban Management . 2023. Т. 12. № 1 . С. 4-15.,Journal of Urban Management,https://elibrary.ru/contents.asp?id=60086826,№ 1,https://elibrary.ru/contents.asp?id=60086826&selid=60086827
geoai,60427822,https://elibrary.ru/item.asp?id=60427822,GEOAI AS COLLABORATIVE EFFORT,"Richter K.F., Scheider S., Tuia D.",132 KI - Künstliche Intelligenz . 2023. Т. 37. № 1 . С. 99-105.,KI - Künstliche Intelligenz,https://elibrary.ru/contents.asp?id=60427821,№ 1,https://elibrary.ru/contents.asp?id=60427821&selid=60427822
geoai,60523485,https://elibrary.ru/item.asp?id=60523485,CURRENT TOPICS AND CHALLENGES IN GEOAI,"Richter K.F., Scheider S.",133 KI - Künstliche Intelligenz . 2023. Т. 37. № 1 . С. 11-16.,KI - Künstliche Intelligenz,https://elibrary.ru/contents.asp?id=60427821,№ 1,https://elibrary.ru/contents.asp?id=60427821&selid=60523485
geoai,60569387,https://elibrary.ru/item.asp?id=60569387,PRAGMATIC GEOAI: GEOGRAPHIC INFORMATION AS EXTERNALIZED PRACTICE,"Scheider S., Richter K.F.",134 KI - Künstliche Intelligenz . 2023. Т. 37. № 1 . С. 17-31.,KI - Künstliche Intelligenz,https://elibrary.ru/contents.asp?id=60427821,№ 1,https://elibrary.ru/contents.asp?id=60427821&selid=60569387
geoai,60597723,https://elibrary.ru/item.asp?id=60597723,GEOAI AND BEYOND,"Scheider S., Richter K.F., Janowicz K.",135 KI - Künstliche Intelligenz . 2023. Т. 37. № 1 . С. 91-97.,KI - Künstliche Intelligenz,https://elibrary.ru/contents.asp?id=60427821,№ 1,https://elibrary.ru/contents.asp?id=60427821&selid=60597723
geoai,60642417,https://elibrary.ru/item.asp?id=60642417,GEOAI,"Scheider S., Richter K.F.",136 KI - Künstliche Intelligenz . 2023. Т. 37. № 1 . С. 5-9.,KI - Künstliche Intelligenz,https://elibrary.ru/contents.asp?id=60427821,№ 1,https://elibrary.ru/contents.asp?id=60427821&selid=60642417
geoai,60878179,https://elibrary.ru/item.asp?id=60878179,CORRECTION TO: GEOIMAGENET: A MULTI-SOURCE NATURAL FEATURE BENCHMARK DATASET FOR GEOAI AND SUPERVISED MACHINE LEARNING,"Li W., Wang S., Arundel S.T., Hsu Ch.Yu.",137 GeoInformatica . 2023. Т. 27. № 3 . С. 643.,GeoInformatica,https://elibrary.ru/contents.asp?id=59713119,№ 3,https://elibrary.ru/contents.asp?id=59713119&selid=60878179
geoai,60989806,https://elibrary.ru/item.asp?id=60989806,"GEOAI: INTEGRATION OF ARTIFICIAL INTELLIGENCE, MACHINE LEARNING, AND DEEP LEARNING WITH GIS",Choi Y.,138 Applied Sciences (Switzerland) . 2023. Т. 13. № 6 . С. 3895.,Applied Sciences (Switzerland),https://elibrary.ru/contents.asp?id=50383927,№ 6,https://elibrary.ru/contents.asp?id=50383927&selid=60989806
geoai,61535936,https://elibrary.ru/item.asp?id=61535936,"ASSESSING DIFFERENCES IN SAFETY PERCEPTIONS USING GEOAI AND SURVEY ACROSS NEIGHBOURHOODS IN STOCKHOLM, SWEDEN","Kang Yu., Abraham J., Ceccato V., Duarte F., Gao S., Ljungqvist L., Zhang F., Näsman P., Ratti C.",139 Landscape and Urban Planning . 2023. Т. 236. С. 104768.,Landscape and Urban Planning,https://elibrary.ru/contents.asp?id=61440695,,
geoai,61683782,https://elibrary.ru/item.asp?id=61683782,GEOAI FOR MARINE ECOSYSTEM MONITORING: A COMPLETE WORKFLOW TO GENERATE MAPS FROM AI MODEL PREDICTIONS,"Talpaert Daudon J., Contini M., Urbina-Barreto I., Elliott B., Guilhaumon F., Joly A., Bonhommeau S., Barde J.","140 The International Archives of the Photogrammetry, Remote Sensing and Spatial Information Sciences . 2023. Т. XLVIII-4/W7-2023. С. 223-230.","The International Archives of the Photogrammetry, Remote Sensing and Spatial Information Sciences",https://elibrary.ru/contents.asp?id=61681891,,
geoai,62629390,https://elibrary.ru/item.asp?id=62629390,GEOAI- THE FUTURE WAS HERE!,Chandler M.,141 Bulletin - Association of Canadian Map Libraries and Archives . 2023. № 172 . С. 27-29.,Bulletin - Association of Canadian Map Libraries and Archives,https://elibrary.ru/contents.asp?id=62552175,№ 172,https://elibrary.ru/contents.asp?id=62552175&selid=62629390
geoai,62654446,https://elibrary.ru/item.asp?id=62654446,THE CHALLENGES OF INTEGRATING EXPLAINABLE ARTIFICIAL INTELLIGENCE INTO GEOAI,"Xing J., Sieber R.",142 Transactions in GIS . 2023. Т. 27. № 3 . С. 626-645.,Transactions in GIS,https://elibrary.ru/contents.asp?id=57251419,№ 3,https://elibrary.ru/contents.asp?id=57251419&selid=62654446
geoai,62733641,https://elibrary.ru/item.asp?id=62733641,ANALISIS SPASIAL PERUBAHAN SUHU PERMUKAAN DARATAN KOTA KUPANG MENGGUNAKAN PENDEKATAN GEOSPATIAL ARTIFICIAL INTELLIGENCE (GEOAI),"Liwan S., Latue Ph.Ch.","143 Buana Jurnal Geografi, Ekologi dan Kebencanaan . 2023. Т. 1. № 1 . С. 14-20.","Buana Jurnal Geografi, Ekologi dan Kebencanaan",https://elibrary.ru/contents.asp?id=62733631,№ 1,https://elibrary.ru/contents.asp?id=62733631&selid=62733641
geoai,63056484,https://elibrary.ru/item.asp?id=63056484,GEOSPATIAL ARTIFICIAL INTELLIGENCE (GEOAI) AND SATELLITE IMAGERY FUSION FOR SOIL PHYSICAL PROPERTY PREDICTING,"Hosseini F.S., Seo M.B., Razavi-Termeh S.V., Sadeghi-Niaraki A., Jamshidi M., Choi S.Mi.",144 Sustainability . 2023. Т. 15. № 19 . С. 14125.,Sustainability,https://elibrary.ru/contents.asp?id=54506325,№ 19,https://elibrary.ru/contents.asp?id=54506325&selid=63056484
geoai,63177304,https://elibrary.ru/item.asp?id=63177304,MUSE-RASA CAPTURES HUMAN DIMENSION IN CLIMATE-ENERGY-ECONOMIC MODELS VIA GLOBAL GEOAI-ML AGENT DATASETS,"Moya D., Copara D., Olivo A., Castro Ch., Giarola S., Hawkes A.",145 Scientific Data . 2023. Т. 10. № 1 . С. 693.,Scientific Data,https://elibrary.ru/contents.asp?id=55666415,№ 1,https://elibrary.ru/contents.asp?id=55666415&selid=63177304
geoai,61905532,https://elibrary.ru/item.asp?id=61905532,ADVANCES IN GEOCOMPUTATION AND GEOSPATIAL ARTIFICIAL INTELLIGENCE (GEOAI) FOR MAPPING,"Song Y., Kalacska M., Gašparović M., Yao J., Najibi N.",146 International Journal of Applied Earth Observation and Geoinformation . 2023. Т. 120. С. 103300.,International Journal of Applied Earth Observation and Geoinformation,https://elibrary.ru/contents.asp?id=61603274,,
geoai,64359458,https://elibrary.ru/item.asp?id=64359458,GEOAI DATASET FOR TRAINING DEEP LEARNING-BASED OPTICAL SATELLITE IMAGE MATCHING MODEL,"Yu J.W., Park Ch.W., Jung H.S.",147 Geo Data . 2023. Т. 5. № 4 . С. 244-250.,Geo Data,https://elibrary.ru/contents.asp?id=64351503,№ 4,https://elibrary.ru/contents.asp?id=64351503&selid=64359458
geoai,64531004,https://elibrary.ru/item.asp?id=64531004,GEOAI IN URBAN ANALYTICS,"De Sabbata S., Ballatore A., Miller H.J., Sieber R., Tyukin I., Yeboah G.",148 International Journal of Geographical Information Science . 2023. Т. 37. № 12 . С. 2455-2463.,International Journal of Geographical Information Science,https://elibrary.ru/contents.asp?id=61373835,№ 12,https://elibrary.ru/contents.asp?id=61373835&selid=64531004
geoai,64553975,https://elibrary.ru/item.asp?id=64553975,UTILIZATION OF GEOAI APPLICATIONS IN THE HEALTH SECTOR: A REVIEW,"Amponsah A., Latue Ph., Rakuasa H.",149 Journal of Health Science and Medical Therapy . 2023. Т. 1. № 2 . С. 49-60.,Journal of Health Science and Medical Therapy,https://elibrary.ru/contents.asp?id=62938280,№ 2,https://elibrary.ru/contents.asp?id=62938280&selid=64553975
geoai,63742857,https://elibrary.ru/item.asp?id=63742857,REPORT OF THE 5TH ACM SIGSPATIAL INTERNATIONAL WORKSHOP ON AI FOR GEOGRAPHIC KNOWLEDGE DISCOVERY (GEOAI 2022),"Martins B., Lunga D., Gao S., Newsam Sh., Yang L., Deng X., Mai G.",150 SIGSPATIAL Special . 2022. Т. 14. № 1 . С. 23-25.,SIGSPATIAL Special,https://elibrary.ru/contents.asp?id=63664753,№ 1,https://elibrary.ru/contents.asp?id=63664753&selid=63742857
geoai,64613822,https://elibrary.ru/item.asp?id=64613822,GEOAI DATASET FOR INDUSTRIAL PARK AND QUARRY CLASSIFICATION FROM KOMPSAT-3/3A OPTICAL SATELLITE IMAGERY,"Park Ch.W., Jung H.S., Lee W.J., Lee K.Ja., Oh K.Y., Chang Ja.Y., Lee M.J., Han G.H., Choi Il.H.",151 Geo Data . 2023. Т. 5. № 4 . С. 238-243.,Geo Data,https://elibrary.ru/contents.asp?id=64351503,№ 4,https://elibrary.ru/contents.asp?id=64351503&selid=64613822
geoai,64889244,https://elibrary.ru/item.asp?id=64889244,MAPPING PROPERTY REDEVELOPMENT VIA GEOAI: INTEGRATING COMPUTER VISION AND SOCIOENVIRONMENTAL PATTERNS AND PROCESSES,"Liu Ch., Song W.",152 Cities . 2024. Т. 144. С. 104644.,Cities,https://elibrary.ru/contents.asp?id=64889243,,
geoai,65527579,https://elibrary.ru/item.asp?id=65527579,GEOAI DATASET FOR RURAL HAZARDOUS FACILITIES SEGMENTATION FROM KOMPSAT ORTHO MOSAIC IMAGERY,"Gong S.H., Jung H.S., Lee M.J., Lee K.Ja., Oh K.Y., Chang Ja.Y.",153 Geo Data . 2023. Т. 5. № 4 . С. 231-237.,Geo Data,https://elibrary.ru/contents.asp?id=64351503,№ 4,https://elibrary.ru/contents.asp?id=64351503&selid=65527579
geoai,66011120,https://elibrary.ru/item.asp?id=66011120,A FIVE-YEAR MILESTONE: REFLECTIONS ON ADVANCES AND LIMITATIONS IN GEOAI RESEARCH,"Hu Y., Goodchild M., Zhu A.X., Yuan M., Aydin O., Bhaduri B., Gao S., Li W., Lunga D., Newsam Sh.",154 Annals of GIS . 2024. Т. 30. № 1 . С. 1-14.,Annals of GIS,https://elibrary.ru/contents.asp?id=65797282,№ 1,https://elibrary.ru/contents.asp?id=65797282&selid=66011120
geoai,65351093,https://elibrary.ru/item.asp?id=65351093,GEOSPATIAL ARTIFICIAL INTELLIGENCE (GEOAI): APPLICATIONS IN HEALTH CARE,"Sahana K.S., Karthik C.B., Sree M.M., Chaithra M., Abhinandithe S.K., Snehalatha B., Sridhar R., Balasubramanian S., Madhu B.",155 International Journal of Health & aAllied Sciences . 2022. Т. 11. № 4 .,International Journal of Health & aAllied Sciences,https://elibrary.ru/contents.asp?id=63827029,№ 4,https://elibrary.ru/contents.asp?id=63827029&selid=65351093
geoai,66465992,https://elibrary.ru/item.asp?id=66465992,ON THE OPPORTUNITIES AND CHALLENGES OF FOUNDATION MODELS FOR GEOAI (VISION PAPER),"Mai G., Huang W., Sun J., Song S., Mishra D., Liu N., Gao S., Liu T., Cong G., Hu Y., Cundy Ch., Li Z., Zhu R., Lao Ni.",156 ACM Transactions on Spatial Algorithms and Systems . 2024.,ACM Transactions on Spatial Algorithms and Systems,https://elibrary.ru/contents.asp?id=54867335,,
geoai,66751286,https://elibrary.ru/item.asp?id=66751286,YOLOV8-BYTE: SHIP TRACKING ALGORITHM USING SHORT-TIME SEQUENCE SAR IMAGES FOR DISASTER RESPONSE LEVERAGING GEOAI,"Yasir M., Shanwei L., Mingming Xu., Jianhua W., Hui Sh., Nazir Sh., Zhang X., Tugsan Isiacik Colak A.",157 International Journal of Applied Earth Observation and Geoinformation . 2024. Т. 128. С. 103771.,International Journal of Applied Earth Observation and Geoinformation,https://elibrary.ru/contents.asp?id=66087066,,
geoai,66769914,https://elibrary.ru/item.asp?id=66769914,الذكاء الاصطناعي الجغرافي المكاني (GEOAI) والصور الفضائية (EOS)، وتطبيقاتهما على الزراعة في اليمن,"المهاب, عيد",158 Journal of Engineering and Technological Sciences - JOEATS . 2024. Т. 2. № 1 . С. 21-37.,Journal of Engineering and Technological Sciences - JOEATS,https://elibrary.ru/contents.asp?id=66769913,№ 1,https://elibrary.ru/contents.asp?id=66769913&selid=66769914
geoai,66922874,https://elibrary.ru/item.asp?id=66922874,HYPERFIDELIS: A SOFTWARE TOOLKIT TO EMPOWER PRECISION AGRICULTURE WITH GEOAI,"Sagan V., Coral R., Bhadra S., Alifu H., Al Akkad O., Giri A., Esposito F.",159 Remote Sensing . 2024. Т. 16. № 9 . С. 1584.,Remote Sensing,https://elibrary.ru/contents.asp?id=66826135,№ 9,https://elibrary.ru/contents.asp?id=66826135&selid=66922874
geoai,67148859,https://elibrary.ru/item.asp?id=67148859,GRAPH-INFUSED HYBRID VISION TRANSFORMER: ADVANCING GEOAI FOR ENHANCED LAND COVER CLASSIFICATION,"Butt M.H.F., Li J.P., Ahmad M., Butt M.A.F.",160 International Journal of Applied Earth Observation and Geoinformation . 2024. Т. 129. С. 103773.,International Journal of Applied Earth Observation and Geoinformation,https://elibrary.ru/contents.asp?id=66606744,,
geoai,67673654,https://elibrary.ru/item.asp?id=67673654,REVISITING SPATIAL OPTIMIZATION IN THE ERA OF GEOSPATIAL BIG DATA AND GEOAI,"Cao K., Zhou Ch., Church R., Li X., Li W.",161 International Journal of Applied Earth Observation and Geoinformation . 2024. Т. 129. С. 103832.,International Journal of Applied Earth Observation and Geoinformation,https://elibrary.ru/contents.asp?id=66606744,,
geoai,67682290,https://elibrary.ru/item.asp?id=67682290,UNLOCK INSIGHTS FROM HYDROGRAPHIC DATA WITH GEOAI,Woodlief M.,162 International Hydrographic Review . 2024. Т. 30. № 1 . С. 144-149.,International Hydrographic Review,https://elibrary.ru/contents.asp?id=67674494,№ 1,https://elibrary.ru/contents.asp?id=67674494&selid=67682290
geoai,67768254,https://elibrary.ru/item.asp?id=67768254,GEOAI FOR TOPOGRAPHIC DATA ACCURACY ENHANCEMENT: THE AI4TDB PROJECT,"Zhu L., Raninen J., Hattula E.","163 The International Archives of the Photogrammetry, Remote Sensing and Spatial Information Sciences . 2024. Т. XLVIII-4/W10-2024. С. 221-228.","The International Archives of the Photogrammetry, Remote Sensing and Spatial Information Sciences",https://elibrary.ru/contents.asp?id=67762170,,
geoai,67818023,https://elibrary.ru/item.asp?id=67818023,AN EMPIRICAL CASE STUDY GEOAI USAGE FOR SUSTAINABILITY SCORING OF UNIVERSITY CAMPUSES,Aslan D.,164 Kamu Yönetimi ve Teknoloji Dergisi . 2024.,Kamu Yönetimi ve Teknoloji Dergisi,https://elibrary.ru/contents.asp?id=58950279,,
geoai,68827161,https://elibrary.ru/item.asp?id=68827161,BUILDING DAMAGE ASSESSMENT IN AFTERMATH OF DISASTER EVENTS BY LEVERAGING GEOAI (GEOSPATIAL ARTIFICIAL INTELLIGENCE): REVIEW,"Taiwo H. Agbaje, Nemi Abomaye-Nimenibo, Chinedu James Ezeh, Abdullahi Bello, Ayoola Olorunnishola",165 World Journal of Advanced Research and Reviews . 2024. Т. 23. № 1 . С. 667-687.,World Journal of Advanced Research and Reviews,https://elibrary.ru/contents.asp?id=68738244,№ 1,https://elibrary.ru/contents.asp?id=68738244&selid=68827161
geoai,35943103,https://elibrary.ru/item.asp?id=35943103,"PROCEEDINGS OF THE 1ST WORKSHOP ON GEOAI: AI AND DEEP LEARNING FOR GEOGRAPHIC KNOWLEDGE DISCOVERY, GEOAI 2017",,166 1 / 2017.,,,,
geoai,89867905,https://elibrary.ru/item.asp?id=89867905,"LA GEO INTELIGENCIA ARTIFICIAL (GEOAI) COMO UNA HERRAMIENTA DE PARTICIPACIÓN E INNOVACIÓN EN EL AULA: EL ALCÁZAR REAL, UN ESTUDIO DE CASO EN EL ESPACIO URBANO DE CIUDAD REAL [GEO ARTIFICIAL INTELLIGENCE (GEOAI) AS A TOOL FOR PARTICIPATION AND INNOVATION IN THE CLASSROOM: THE ROYAL ALCAZAR, A CASE STUDY IN THE URBAN SPACE OF CIUDAD REAL]","Martínez Santiago C.Ja., Navas Berbel A.",167 Ensayos . 2024. Т. 39. № 2 . С. 97-112.,Ensayos,https://elibrary.ru/contents.asp?id=89867904,№ 2,https://elibrary.ru/contents.asp?id=89867904&selid=89867905
geoai,90314820,https://elibrary.ru/item.asp?id=90314820,GEOAI-ENABLED ENSEMBLE MODELING TO ASSESS LAND USE AND ATMOSPHERIC POLLUTANT IMPACTS ON LAND SURFACE TEMPERATURE IN THE US SOUTHWEST,"Mitra B., Zhang G.",168 Remote Sensing . 2026. Т. 18. № 5 . С. 746.,Remote Sensing,https://elibrary.ru/contents.asp?id=89850008,№ 5,https://elibrary.ru/contents.asp?id=89850008&selid=90314820
geoai,90259200,https://elibrary.ru/item.asp?id=90259200,SPATIOTEMPORAL PREDICTION OF WIND FIELDS IN COASTAL URBAN ENVIRONMENTS USING MULTI-SOURCE SATELLITE DATA: A GEOAI APPROACH,"Shi Y., Huang T., Huang L., Huang W., Liu Sh., Chen R.",169 Remote Sensing . 2026. Т. 18. № 5 . С. 716.,Remote Sensing,https://elibrary.ru/contents.asp?id=89850008,№ 5,https://elibrary.ru/contents.asp?id=89850008&selid=90259200
geoai,90261749,https://elibrary.ru/item.asp?id=90261749,NONLINEAR AND CONGESTION-DEPENDENT EFFECTS OF TRANSPORT AND BUILT-ENVIRONMENT FACTORS ON URBAN CO2 EMISSIONS: A GEOAI-BASED ANALYSIS OF 50 CHINESE CITIES,"Chen X., Li Yu., Li X., Huang Zh.",170 Buildings . 2026. Т. 16. № 2 . С. 297.,Buildings,https://elibrary.ru/contents.asp?id=89402524,№ 2,https://elibrary.ru/contents.asp?id=89402524&selid=90261749
geoai,90279763,https://elibrary.ru/item.asp?id=90279763,URBAN FLOOD SUSCEPTIBILITY DECODED: A GEOAI WORKFLOW FOR URBAN FLOOD-PRONE AREA DELINEATION AND MITIGATION MECHANISM INFERENCE,"Wu Ju., Tang Yu., Ma L., Liang D., Brilakis I., Besklubova S.",171 Sustainable Cities and Society . 2026. Т. 137. С. 107157.,Sustainable Cities and Society,https://elibrary.ru/contents.asp?id=89577300,,
geoai,89629661,https://elibrary.ru/item.asp?id=89629661,"OPTIMIZING POST-EARTHQUAKE DECISION-MAKING WITH GEOAI: IDENTIFICATION AND CLASSIFICATION OF DAMAGED BUILDINGS IN THE EL HAOUZ EARTHQUAKE, MOROCCO","Ouchlif A., Zrhalla H., Ourhou-Sekkou M., Hajji H., Ait El Kadi K.","172 The International Archives of the Photogrammetry, Remote Sensing and Spatial Information Sciences . 2026. Т. XLVIII-4/W17-2025. С. 241-246.","The International Archives of the Photogrammetry, Remote Sensing and Spatial Information Sciences",https://elibrary.ru/contents.asp?id=89471494,,
geoai,91375305,https://elibrary.ru/item.asp?id=91375305,USING GEOAI AND MACHINE LEARNING TOOLS FOR CONSISTENT HIGH-RESOLUTION LAND COVER MAPPING BASED ON TIME-SERIES NAIP IMAGERY,"Liu J., Tang X., Wang Ch., Yan Zh., Dai Yu., Zhang Qi., Song C.",173 Landscape Ecology . 2026.,Landscape Ecology,https://elibrary.ru/contents.asp?id=49625474,,
geoai,91422688,https://elibrary.ru/item.asp?id=91422688,"AUTOMATING ARCHAEOLOGICAL DISCOVERY: ASSESSING GEOSPATIAL ARTIFICIAL INTELLIGENCE (GEOAI) TOOLS FOR STONE WALL IDENTIFICATION IN KWENENG, SOUTH AFRICA",Siteleki M.J.,174 Archaeometry . 2026.,Archaeometry,https://elibrary.ru/contents.asp?id=49627142,,
geoai,91330191,https://elibrary.ru/item.asp?id=91330191,A GEOAI-BASED CNN FRAMEWORK FOR URBAN FLOOD POTENTIAL MAPPING VIA INTEGRATION OF RAINFALL AND WASTE DATA,"Novianti L., Ermatita, Abdiansah, Handayani A.S.",175 Ingenierie des Systemes d'Information . 2026. Т. 31. № 2 . С. 471-479.,Ingenierie des Systemes d'Information,https://elibrary.ru/contents.asp?id=90831373,№ 2,https://elibrary.ru/contents.asp?id=90831373&selid=91330191
geoai,90855751,https://elibrary.ru/item.asp?id=90855751,A SYSTEMATIC REVIEW OF GEOAI AND DEEP LEARNING FOR AUTOMATED ROAD INFRASTRUCTURE DAMAGE DETECTION USING SATELLITE IMAGERY,Ahsan K.M.Kh.,176 American Journal of Data Science and Analytics . 2026. Т. 07. № 03 . С. 208-255.,American Journal of Data Science and Analytics,https://elibrary.ru/contents.asp?id=89951562,№ 03,https://elibrary.ru/contents.asp?id=89951562&selid=90855751
geoai,89764198,https://elibrary.ru/item.asp?id=89764198,FROM PREDICTION TO PREVENTION: AN EXPLAINABLE GEOAI FRAMEWORK FOR FLOOD SUSCEPTIBILITY AND URBAN EXPOSURE ASSESSMENT USING MACHINE AND DEEP LEARNING MODELS,"Tella A., Zahidi I., Fai Ch.M., Okolie Ch., Pham Q.B.",177 Sustainable Development . 2026. С. sd.70772.,Sustainable Development,https://elibrary.ru/contents.asp?id=54832540,,
geoai,90733104,https://elibrary.ru/item.asp?id=90733104,GEOAI-DRIVEN LAND COVER CHANGE PREDICTION USING COPERNICUS EARTH OBSERVATION AND GEOSPATIAL DATA FOR LAW-COMPLIANT TERRITORIAL PLANNING IN THE AOSTA VALLEY (ITALY),"Orusa T., Cammareri D., Freppaz D.",178 Land . 2026. Т. 15. № 4 . С. 533.,Land,https://elibrary.ru/contents.asp?id=90271295,№ 4,https://elibrary.ru/contents.asp?id=90271295&selid=90733104
geoai,90744095,https://elibrary.ru/item.asp?id=90744095,"AN EXPLAINABLE GEOAI FRAMEWORK FOR SPATIAL ASSESSMENT OF WILDFIRE SUSCEPTIBILITY IN THE UPPER RAVI SUB-BASIN, INDIAN HIMALAYA","Suheb, Nawazuzzoha Md., Ali Md.Sh., Rashid Md.M., Naqvi D.F., Qaisar H., Sicard P., Karuppannan Sh., Naqvi H.R.",179 Scientific Reports . 2026. Т. 16. № 1 . С. 11662.,Scientific Reports,https://elibrary.ru/contents.asp?id=87945305,№ 1,https://elibrary.ru/contents.asp?id=87945305&selid=90744095
geoai,90745685,https://elibrary.ru/item.asp?id=90745685,EXPLAINABLE GEOAI REVEALS SPATIALLY VARYING AND NONLINEAR ASSOCIATIONS OF PM 2.5 POLLUTION WITH DRIVING FACTORS IN CHINESE CITIES FROM 2015 TO 2022,"Dai X., Sun K., Li W., Zhu Yu., Ding F., Pan P., Yang Y., Wang Sh.",180 International Journal of Digital Earth . 2026. Т. 19. № 1 . С. 2620872.,International Journal of Digital Earth,https://elibrary.ru/contents.asp?id=88223154,№ 1,https://elibrary.ru/contents.asp?id=88223154&selid=90745685
geoai,89562153,https://elibrary.ru/item.asp?id=89562153,AN OPERATIONAL ETHICAL FRAMEWORK FOR GEOAI: A PRISMA-BASED SYSTEMATIC REVIEW OF INTERNATIONAL POLICY AND SCHOLARLY LITERATURE,Yoo S.,181 ISPRS International Journal of Geo-Information . 2026. Т. 15. № 1 . С. 51.,ISPRS International Journal of Geo-Information,https://elibrary.ru/contents.asp?id=88322332,№ 1,https://elibrary.ru/contents.asp?id=88322332&selid=89562153
geoai,89439727,https://elibrary.ru/item.asp?id=89439727,GEOAI FOR PRECISION PUBLIC HEALTH IN AGRARIAN ECONOMIES: MULTI-DISEASE RISK PROFILING IN RICE BELT IN EAST JAVA,"Budi Fajar Supriyanto, Salihati Hanifa, Nesa Ayu Murthisari Putri, Titin Andriyani Atmojo, Waridad Umais Al Ayyubi",182 International Journal of Healthcare and Information Technology . 2025. Т. 3. № 2 . С. 96-108.,International Journal of Healthcare and Information Technology,https://elibrary.ru/contents.asp?id=89437452,№ 2,https://elibrary.ru/contents.asp?id=89437452&selid=89439727
geoai,88604051,https://elibrary.ru/item.asp?id=88604051,GEOAI-DRIVEN ANALYSIS OF URBAN ACTIVITY SHIFTS USING GEOTAGGED SOCIAL MEDIA DATA ACROSS THE COVID-19 PANDEMIC,"Kim Yu., Yang B.",183 Environment and Planning B: Urban Analytics and City Science . 2025. С. 23998083251413306.,Environment and Planning B: Urban Analytics and City Science,https://elibrary.ru/contents.asp?id=49639295,,
geoai,88515728,https://elibrary.ru/item.asp?id=88515728,LEVERAGING EXPLAINABLE GEOAI TO UNVEIL SPATIAL NON-STATIONARY EFFECTS OF THE BUILT ENVIRONMENT ON SHARED E-SCOOTER USAGE,"Askari S., Derrible S., Peiravian F., Mohammadian A.K.",184 Transportation Research Procedia . 2025. Т. 92. С. 162.,Transportation Research Procedia,https://elibrary.ru/contents.asp?id=88515698,,
geoai,88383282,https://elibrary.ru/item.asp?id=88383282,"INTEGRATING GEOAI AND DEEP LEARNING FOR SUSTAINABLE AGRICULTURE: SENTINEL-2 BASED CROP MAPPING AND YIELD PREDICTION FOR SELECTED CROPS IN SOKOTO, NIGERIA","Budah A.G., Habeeb T., Faiza S.","185 Journal of Geography, Environment and Earth Science International . 2025. Т. 29. № 12 . С. 200-212.","Journal of Geography, Environment and Earth Science International",https://elibrary.ru/contents.asp?id=87276001,№ 12,https://elibrary.ru/contents.asp?id=87276001&selid=88383282
geoai,88431331,https://elibrary.ru/item.asp?id=88431331,ĐÁNH GIÁ TÁC độNG CủA PHÁT TRIểN DU LịCH đếN MẫU DạNG CảNH QUAN QUầN đảO CÔN ĐảO BằNG PHươNG PHÁP TÍCH HợP GEOAI VÀ độ đO KHÔNG GIAN,"Đặng Đỗ Lâm Phương, Nguyễn Thị Hà Thành, Nguyễn Thị Diễm My, Đặng Hữu Liệu, Hứa Hoàng Huế, Đỗ Thị Nhung, Phạm Văn Mạnh",186 Tạp chí Khoa học và Công nghệ Lâm nghiệp . 2025. Т. 14. № 7 . С. 112-123.,Tạp chí Khoa học và Công nghệ Lâm nghiệp,https://elibrary.ru/contents.asp?id=88408300,№ 7,https://elibrary.ru/contents.asp?id=88408300&selid=88431331
geoai,87929844,https://elibrary.ru/item.asp?id=87929844,"ENHANCING GEOAI LAND COVER CLASSIFICATION VIA HYPERPARAMETER TUNING AND CROSS-VALIDATION: A CASE STUDY IN RAVENNA, ITALY","Vitale A., Lamonaca F.",187 Measurement . 2026. Т. 257. С. 118662.,Measurement,https://elibrary.ru/contents.asp?id=87904334,,
geoai,87492850,https://elibrary.ru/item.asp?id=87492850,IMPROVING FLOOD-PRONE AREAS MAPPING USING GEOSPATIAL ARTIFICIAL INTELLIGENCE (GEOAI): A NON-PARAMETRIC ALGORITHM ENHANCED BY MATH-BASED METAHEURISTIC ALGORITHMS,"Razavi-Termeh S.V., Sadeghi-Niaraki A., Ali F., Choi S.Mi.",188 Journal of Environmental Management . 2025. Т. 375. С. 124238.,Journal of Environmental Management,https://elibrary.ru/contents.asp?id=83783446,,
geoai,87383947,https://elibrary.ru/item.asp?id=87383947,"PARTITIONING OF EDDY COVARIANCE FOOTPRINT EVAPOTRANSPIRATION USING FIELD DATA, UAS OBSERVATIONS AND GEOAI IN THE U.S. CHIHUAHUAN DESERT","Howlider H.R., Moreno H.A., Mauritz M.E., Marquez S.N.",189 Journal of Hydrology . 2025. Т. 662. С. 133879.,Journal of Hydrology,https://elibrary.ru/contents.asp?id=85818076,,
geoai,87389517,https://elibrary.ru/item.asp?id=87389517,"MAPPING FOREST FINE-GRAINED SOIL PARTICLE SIZE DISTRIBUTIONS: A HOLISTIC GEOAI APPROACH VIA GRAPH NEURAL NETWORKS, LIDAR, AND SENTINEL-2","Abdi O., Laamanen V., Uusitalo J.",190 International Journal of Applied Earth Observation and Geoinformation . 2025. Т. 143. С. 104807.,International Journal of Applied Earth Observation and Geoinformation,https://elibrary.ru/contents.asp?id=85688835,,
geoai,59435662,https://elibrary.ru/item.asp?id=59435662,GEOSPATIAL ARTIFICIAL INTELLIGENCE (GEOAI) IN THE INTEGRATED HYDROLOGICAL AND FLUVIAL SYSTEMS MODELING: REVIEW OF CURRENT APPLICATIONS AND TRENDS,"Gonzales-Inca C., Calle M., Croghan D., Torabi Haghighi A., Marttila H., Silander Ja., Alho P.",191 Water . 2022. Т. 14. № 14 . С. 2211.,Water,https://elibrary.ru/contents.asp?id=55621162,№ 14,https://elibrary.ru/contents.asp?id=55621162&selid=59435662
geoai,59038046,https://elibrary.ru/item.asp?id=59038046,DEVELOPMENT OF GEOAI-BASED ENVIRONMENTAL POLICY ESTABLISHMENT SUPPORT SYSTEM : ANALYSIS OF THE RELATIONSHIP BETWEEN LAND COVER AND LST IN SEOUL,Kim G.,192 Journal of Climate Change Research . 2022. Т. 13. № 6 . С. 859-867.,Journal of Climate Change Research,https://elibrary.ru/contents.asp?id=58738169,№ 6,https://elibrary.ru/contents.asp?id=58738169&selid=59038046
geoai,56855376,https://elibrary.ru/item.asp?id=56855376,"GEOAI TECHNOLOGIES AND THEIR APPLICATION AREAS IN URBAN PLANNING AND DEVELOPMENT: CONCEPTS, OPPORTUNITIES AND CHALLENGES IN SMART CITY (KUWAIT, STUDY CASE)","Alastal A.I., Shaqfa A.H.",193 Journal of Data Analysis and Information Processing . 2022. Т. 10. № 2 . С. 110-126.,Journal of Data Analysis and Information Processing,https://elibrary.ru/contents.asp?id=55291475,№ 2,https://elibrary.ru/contents.asp?id=55291475&selid=56855376
geoai,68210787,https://elibrary.ru/item.asp?id=68210787,EXAMINING THE FEASIBILITY OF GEOAI AND IOT FOR SMART FLOOD EARLY WARNING SYSTEMS IN LOCAL COMMUNITIES FOR CARIBBEAN URBAN SPACES,"Codling M., Ramlal B., Davis D.",194 West Indian Journal of Engineering . 2024. Т. 46. № 2 . С. 91-101.,West Indian Journal of Engineering,https://elibrary.ru/contents.asp?id=68072913,№ 2,https://elibrary.ru/contents.asp?id=68072913&selid=68210787
geoai,66994083,https://elibrary.ru/item.asp?id=66994083,KECERDASAN BUATAN BERBASIS GEOSPASIAL (GEOAI) MENGGUNAKAN GOOGLE EARTH ENGINE UNTUK MONITORING FENOMENA URBAN HEAT ISLAND DI INDONESIA,"Darmawan S., Nurulhakim N.N., Hernawati R.",195 Elkomika . 2024. Т. 12. № 2 . С. 303.,Elkomika,https://elibrary.ru/contents.asp?id=66833702,№ 2,https://elibrary.ru/contents.asp?id=66833702&selid=66994083
geoai,66792434,https://elibrary.ru/item.asp?id=66792434,BRIDGING THE GAP BETWEEN CROP BREEDING AND GEOAI: SOYBEAN YIELD PREDICTION FROM MULTISPECTRAL UAV IMAGES WITH TRANSFER LEARNING,"Skobalski Ju., Sagan V., Alifu H., Al Akkad O., Lopes F.A., Grignola F.",196 ISPRS Journal of Photogrammetry and Remote Sensing . 2024. Т. 210. С. 260-281.,ISPRS Journal of Photogrammetry and Remote Sensing,https://elibrary.ru/contents.asp?id=66317260,,
geoai,66583596,https://elibrary.ru/item.asp?id=66583596,THE CHEONJI LAKE GEOAI DATASET BASED IN OPTICAL SATELLITE IMAGERY: LANDSAT-5/-7/-8 AND SENTINEL-2,"Lee Eu.Ru., Lee Ha.S., Park S.Ch., Jung H.S.",197 Geo Data . 2024.,Geo Data,https://elibrary.ru/contents.asp?id=59045799,,
geoai,66744452,https://elibrary.ru/item.asp?id=66744452,MAPPING THE LANDSCAPE AND ROADMAP OF GEOSPATIAL ARTIFICIAL INTELLIGENCE (GEOAI) IN QUANTITATIVE HUMAN GEOGRAPHY: AN EXTENSIVE SYSTEMATIC REVIEW,"Wang S., Huang X., Liu P., Zhang M., Biljecki F., Hu T., Fu X., Liu L., Liu X., Wang R., Huang Yu., Yan J., Jiang J., Chukwu M., Reza Naghedi S., Hemmati M., Shao Ya., Jia N., Xiao Zh., Tian T. et al.",198 International Journal of Applied Earth Observation and Geoinformation . 2024. Т. 128. С. 103734.,International Journal of Applied Earth Observation and Geoinformation,https://elibrary.ru/contents.asp?id=66087066,,
geoai,66224105,https://elibrary.ru/item.asp?id=66224105,A NOVEL GEOAI-BASED MULTIDISCIPLINARY MODEL FOR SPATIOTEMPORAL DECISION-MAKING OF UTILITY-SCALE WIND–SOLAR INSTALLATIONS: TO PROMOTE GREEN INFRASTRUCTURE IN IRAQ,"Sachit M.S., Shafri H.Z.M., Abdullah A.F., Rafie A.Sh.M., Gibril M.B.A.",199 Egyptian Journal of Remote Sensing and Space Science . 2024. Т. 27. № 1 . С. 120-136.,Egyptian Journal of Remote Sensing and Space Science,https://elibrary.ru/contents.asp?id=64905564,№ 1,https://elibrary.ru/contents.asp?id=64905564&selid=66224105
geoai,66381726,https://elibrary.ru/item.asp?id=66381726,IMPLEMENTATION OF A GEOAI MODEL TO ASSESS THE IMPACT OF AGRICULTURAL LAND ON THE SPATIAL DISTRIBUTION OF PM2.5 CONCENTRATION,"Gianquintieri L., Oxoli D., Caiani E.G., Brovelli M.A.",200 Chemosphere . 2024. Т. 352. С. 141438.,Chemosphere,https://elibrary.ru/contents.asp?id=65884130,,
